CustomerID,Segment,churn_probability,Recency,Frequency,Monetary,recent_activity_ratio_30d,purchase_interval_trend
12346.0,Lost,0.9270520865864873,326,1,77183.6,0.0,0.0
12821.0,Hibernating,0.9949147008913525,214,1,92.72,0.0,0.0
12829.0,Hibernating,0.9967134991318038,337,2,293.0,0.0,0.0
12831.0,Hibernating,0.994684723900715,262,1,215.05,0.0,0.0
12833.0,Hibernating,0.9744392749813896,145,1,417.38,0.0,0.0
12834.0,Hibernating,0.993397309824744,283,1,312.38,0.0,0.0
12837.0,Hibernating,0.9865852330126877,173,1,134.1,0.0,0.0
12840.0,About to Sleep,0.8219424693287949,144,4,2726.77,0.0,13.499999999999998
12845.0,Lost,0.9896500340247245,267,4,354.09,0.0,-9.500000000000002
12852.0,Hibernating,0.996656601047093,295,1,311.55,0.0,0.0
12853.0,About to Sleep,0.8209781535452321,135,6,1957.1,0.0,28.99999999999998
12855.0,Hibernating,0.9905336323058626,373,1,38.1,0.0,0.0
12857.0,Lost,0.9911993899982952,211,2,1106.4,0.0,0.0
12864.0,Hibernating,0.9917713530697003,138,1,147.12,0.0,0.0
12868.0,At Risk,0.9742104405450023,186,6,1607.0600000000002,0.0,1.6999999999999973
12872.0,Lost,0.9979120607145217,327,2,599.97,0.0,0.0
12873.0,Hibernating,0.9965655380150304,282,1,374.0,0.0,0.0
12875.0,About to Sleep,0.9691994692473388,143,2,343.2300000000001,0.0,0.0
12878.0,Lost,0.9946993473350684,236,2,854.99,0.0,0.0
12881.0,Hibernating,0.993204984206525,276,1,298.0,0.0,0.0
12888.0,Hibernating,0.9945089017625739,214,2,354.12,0.0,0.0
12891.0,Lost,0.9767364706895209,186,3,331.0,0.0,-37.00000000000001
12897.0,Hibernating,0.9941067115968434,205,2,216.5,0.0,0.0
12902.0,Hibernating,0.9951565648609692,265,1,138.68,0.0,0.0
12908.0,About to Sleep,0.936749574654269,176,2,750.0,0.0,0.0
12915.0,About to Sleep,0.9434493803470267,149,2,363.65,0.0,0.0
12916.0,About to Sleep,0.8165729202217815,139,4,3006.15,0.0,-1.8369846318849225e-15
12917.0,Others,0.815243549566455,128,1,594.0,0.0,0.0
12922.0,Hibernating,0.9844829536564508,161,1,405.38,0.0,0.0
12929.0,Hibernating,0.9949147008913525,312,1,117.85,0.0,0.0
12942.0,About to Sleep,0.8411652035484288,131,3,683.9,0.0,-102.00000000000001
12945.0,Hibernating,0.9969287240519642,288,1,462.95,0.0,0.0
12956.0,Hibernating,0.9949147008913525,306,1,108.07,0.0,0.0
12967.0,Lost,0.9962479700934451,358,2,1660.9,0.0,0.0
12974.0,Hibernating,0.9941548198214963,198,1,144.8,0.0,0.0
12976.0,Lost,0.9844503318002796,212,1,738.6,0.0,0.0
12977.0,Hibernating,0.9873810713293183,156,1,39.24,0.0,0.0
12980.0,About to Sleep,0.7077884405416326,158,9,7374.900000000001,0.0,-0.6309523809523814
12982.0,Hibernating,0.9945068029881338,243,1,390.54,0.0,0.0
12988.0,Lost,0.9959129482334125,292,1,535.32,0.0,0.0
12999.0,Lost,0.9958110467436385,196,3,455.88,0.0,-30.999999999999996
13002.0,Hibernating,0.9943542885812396,318,1,120.95,0.0,0.0
13003.0,About to Sleep,0.7553470212644483,106,3,149.05,0.0,-16.999999999999996
13005.0,About to Sleep,0.9633193309013175,174,2,513.7,0.0,0.0
13008.0,Hibernating,0.995778385836145,323,1,229.47,0.0,0.0
13011.0,Hibernating,0.9905336323058626,372,1,50.55,0.0,0.0
13033.0,Hibernating,0.9968703212490609,357,1,190.55,0.0,0.0
13037.0,About to Sleep,0.8568244280879396,138,3,881.07,0.0,43.999999999999986
13043.0,Lost,0.9962016807648135,273,1,516.42,0.0,0.0
13044.0,Lost,0.9963436495725979,291,1,560.47,0.0,0.0
13052.0,Hibernating,0.9940842201924922,212,1,348.15000000000003,0.0,0.0
13059.0,Hibernating,0.9951596039877484,250,1,183.4,0.0,0.0
13060.0,Hibernating,0.9936978442271541,254,1,307.53,0.0,0.0
13062.0,Hibernating,0.9875881154053388,191,1,346.98,0.0,0.0
13065.0,Hibernating,0.9968703212490609,373,1,205.86,0.0,0.0
13070.0,Hibernating,0.9865925234578693,192,1,228.8,0.0,0.0
13072.0,Hibernating,0.9951596039877484,267,1,177.15,0.0,0.0
13075.0,Others,0.8961749786849785,130,1,919.61,0.0,0.0
13080.0,Hibernating,0.9905336323058626,179,1,58.08,0.0,0.0
13082.0,About to Sleep,0.7850769173110012,126,9,3613.63,0.0,-3.9428571428571435
13085.0,About to Sleep,0.9132745965669208,158,2,416.08,0.0,0.0
13093.0,At Risk,0.9648952413225654,276,8,7832.47,0.0,0.11428571428571324
13101.0,Hibernating,0.9949147008913525,234,1,101.19,0.0,0.0
13106.0,Hibernating,0.9873665839758785,133,1,76.5,0.0,0.0
13108.0,Hibernating,0.997380710652645,373,1,350.06,0.0,0.0
13116.0,Others,0.9642548624864113,138,1,501.14,0.0,0.0
13120.0,Hibernating,0.9905227295582153,239,1,30.6,0.0,0.0
13121.0,Hibernating,0.9959183409455702,269,1,283.73,0.0,0.0
13130.0,Hibernating,0.9432741441982759,94,1,64.0,0.0,0.0
13132.0,Hibernating,0.9905336323058626,262,1,77.3,0.0,0.0
13133.0,Hibernating,0.9954197979069277,274,2,109.8,0.0,0.0
13135.0,Lost,0.9341675647935815,197,1,3096.0,0.0,0.0
13144.0,Hibernating,0.9949147008913525,333,1,110.95,0.0,0.0
13151.0,Lost,0.9835050711407087,296,1,1257.87,0.0,0.0
13161.0,Hibernating,0.9949147008913525,313,1,112.75,0.0,0.0
13166.0,Hibernating,0.9969677298270976,283,1,417.2,0.0,0.0
13185.0,Hibernating,0.9905227295582153,268,1,71.4,0.0,0.0
13187.0,Hibernating,0.9946084967384038,337,1,236.02,0.0,0.0
13194.0,Hibernating,0.9873810713293183,136,1,60.7,0.0,0.0
13216.0,Hibernating,0.9957500909083712,268,1,333.74,0.0,0.0
13217.0,About to Sleep,0.8276574972473467,122,3,533.98,0.0,-16.0
13218.0,Hibernating,0.9873810713293183,127,1,62.63999999999999,0.0,0.0
13221.0,Lost,0.996299303013347,240,2,847.41,0.0,0.0
13223.0,Hibernating,0.9930301795351396,200,2,163.20000000000002,0.0,0.0
13226.0,Hibernating,0.9949147008913525,273,1,108.21,0.0,0.0
13227.0,Hibernating,0.992026077900432,202,1,257.7,0.0,0.0
13229.0,Hibernating,0.9947244552325669,226,1,160.95,0.0,0.0
13235.0,Lost,0.9744773912755613,212,1,1031.07,0.0,0.0
13239.0,Hibernating,0.996116837699227,262,1,329.56,0.0,0.0
13243.0,Lost,0.9854648138372152,203,1,600.07,0.0,0.0
13248.0,About to Sleep,0.9192104354910788,125,2,465.68,0.0,0.0
13253.0,About to Sleep,0.7532523996916106,157,2,1030.4,0.0,0.0
13261.0,Lost,0.9963532810979379,269,2,944.1,0.0,0.0
13262.0,Hibernating,0.994684723900715,263,1,200.29,0.0,0.0
13270.0,Lost,0.9929230744139841,366,1,590.0,0.0,0.0
13280.0,About to Sleep,0.9759309244411133,122,3,814.86,0.0,172.99999999999997
13284.0,Hibernating,0.9965395672331343,331,1,201.19,0.0,0.0
13291.0,Hibernating,0.9633582432918224,156,1,361.11,0.0,0.0
13294.0,Lost,0.9871454319054263,190,2,873.74,0.0,0.0
13295.0,Hibernating,0.9968703212490609,360,1,201.2,0.0,0.0
13296.0,Hibernating,0.9408013301047455,137,1,87.4,0.0,0.0
13299.0,Hibernating,0.9962193038735978,268,1,142.5,0.0,0.0
13300.0,Hibernating,0.9633582432918224,169,1,371.89,0.0,0.0
13302.0,Hibernating,0.9873665839758785,155,1,63.75,0.0,0.0
13304.0,Hibernating,0.9968834907049995,351,1,300.42,0.0,0.0
13328.0,Lost,0.9848111465488648,316,1,1308.48,0.0,0.0
13338.0,Others,0.983997619465424,158,1,487.02,0.0,0.0
13339.0,Lost,0.9792791653406314,201,1,860.12,0.0,0.0
13341.0,Lost,0.9928859417093686,261,1,775.85,0.0,0.0
13343.0,Hibernating,0.9880481687175313,178,1,353.43,0.0,0.0
13345.0,Hibernating,0.9962362752415344,288,1,389.5,0.0,0.0
13355.0,Others,0.9437075243534853,122,1,674.7,0.0,0.0
13357.0,Lost,0.9916397135610846,257,1,609.95,0.0,0.0
13358.0,Hibernating,0.9969287240519642,269,1,439.03,0.0,0.0
13368.0,Lost,0.9983186700722487,257,2,623.4,0.0,0.0
13369.0,Hibernating,0.9967624147417093,366,1,308.28000000000003,0.0,0.0
13370.0,Lost,0.9967976808310733,372,1,754.87,0.0,0.0
13382.0,Hibernating,0.9948831003889,281,1,222.99,0.0,0.0
13385.0,Lost,0.9972454438003537,330,1,534.57,0.0,0.0
13391.0,Hibernating,0.9905227295582153,204,1,59.8,0.0,0.0
13395.0,Hibernating,0.9742428514090202,185,1,307.72,0.0,0.0
13398.0,Hibernating,0.9898924861422044,192,1,457.34,0.0,0.0
13414.0,About to Sleep,0.8290950137158204,134,3,1390.5,0.0,-115.00000000000001
13420.0,About to Sleep,0.9724490044097172,150,2,159.85,0.0,0.0
13439.0,Hibernating,0.9929153089370875,255,1,283.71,0.0,0.0
13452.0,Lost,0.9955573160020985,259,2,590.0,0.0,0.0
13453.0,About to Sleep,0.9203954628019948,166,2,356.98,0.0,0.0
13462.0,Hibernating,0.9962280061406106,253,1,151.5,0.0,0.0
13466.0,Hibernating,0.9742428514090202,184,1,307.9,0.0,0.0
13474.0,Hibernating,0.9891296748289258,236,1,229.59,0.0,0.0
13475.0,At Risk,0.9850536693375627,191,4,1431.78,0.0,-5.499999999999995
13476.0,Lost,0.987399400024298,179,2,1238.47,0.0,0.0
13479.0,Hibernating,0.989334689242889,201,2,300.95,0.0,0.0
13482.0,Hibernating,0.994684723900715,232,1,184.64,0.0,0.0
13484.0,Hibernating,0.9939861292340475,241,1,313.8,0.0,0.0
13485.0,Hibernating,0.9959236650738245,233,1,454.24,0.0,0.0
13494.0,Hibernating,0.9971664216915032,312,1,316.26000000000005,0.0,0.0
13497.0,Hibernating,0.9965116731192822,283,2,348.05,0.0,0.0
13506.0,Hibernating,0.9967913076417462,316,2,458.52,0.0,0.0
13508.0,Hibernating,0.9949147008913525,244,1,110.97,0.0,0.0
13512.0,Hibernating,0.9882405992323872,261,1,251.21,0.0,0.0
13513.0,Hibernating,0.8761332655688041,127,1,205.1,0.0,0.0
13531.0,Lost,0.9937418145694893,205,2,483.8,0.0,0.0
13533.0,Lost,0.9946714191666368,183,3,270.79,0.0,0.0
13551.0,Hibernating,0.9949147008913525,319,1,91.8,0.0,0.0
13561.0,Hibernating,0.9941548198214963,216,1,141.86,0.0,0.0
13564.0,About to Sleep,0.9058365050736795,144,3,1749.02,0.0,195.99999999999994
13568.0,Hibernating,0.9850422583237086,173,1,192.85,0.0,0.0
13570.0,Hibernating,0.9938740085578901,243,1,239.49,0.0,0.0
13572.0,Lost,0.9739018167271257,206,1,1384.25,0.0,0.0
13581.0,Hibernating,0.9949147008913525,309,1,118.0,0.0,0.0
13583.0,Others,0.9818511690404977,156,1,781.03,0.0,0.0
13584.0,Hibernating,0.9962193038735978,307,1,142.4,0.0,0.0
13600.0,Hibernating,0.9953403400499101,312,1,219.52,0.0,0.0
13615.0,Hibernating,0.9969677298270976,319,1,417.69,0.0,0.0
13618.0,Hibernating,0.9915360610161418,174,1,177.34,0.0,0.0
13626.0,Hibernating,0.9959183409455702,253,1,257.23,0.0,0.0
13631.0,About to Sleep,0.8145597218266554,100,11,3070.42,0.0,-1.37142857142857
13642.0,Hibernating,0.9940842201924922,216,1,354.8,0.0,0.0
13649.0,Hibernating,0.9963653561808019,257,2,346.6,0.0,0.0
13659.0,Lost,0.9875911641614111,206,2,1573.2,0.0,0.0
13663.0,Hibernating,0.9936572575887421,179,1,189.47,0.0,0.0
13667.0,Hibernating,0.9705021670420957,149,1,305.02,0.0,0.0
13672.0,Hibernating,0.9962135230568794,301,2,186.39,0.0,0.0
13675.0,About to Sleep,0.9151375454397911,151,2,486.8200000000001,0.0,0.0
13678.0,Hibernating,0.9363807261171397,152,1,232.6,0.0,0.0
13682.0,Hibernating,0.9905336323058626,187,1,59.5,0.0,0.0
13684.0,Hibernating,0.9737520821203769,286,1,67.23,0.0,0.0
13686.0,Hibernating,0.9905336323058626,183,1,72.0,0.0,0.0
13699.0,Hibernating,0.9732657782356158,155,1,308.58000000000004,0.0,0.0
13703.0,Hibernating,0.9928073780296983,318,1,99.5,0.0,0.0
13706.0,Hibernating,0.9963773289357473,303,1,330.79,0.0,0.0
13707.0,Lost,0.9927654547604841,267,2,806.41,0.0,0.0
13708.0,Hibernating,0.9936703013712546,271,1,296.88,0.0,0.0
13711.0,Hibernating,0.9802775960962192,219,2,252.06,0.0,0.0
13712.0,Hibernating,0.9953639301968482,247,1,228.84,0.0,0.0
13715.0,At Risk,0.991415041472296,281,5,1079.34,0.0,23.499999999999993
13716.0,Hibernating,0.9951565648609692,269,1,138.28,0.0,0.0
13718.0,Hibernating,0.9961093852937855,246,2,306.55,0.0,0.0
13722.0,About to Sleep,0.840839491049289,132,3,2375.41,0.0,0.0
13723.0,Hibernating,0.994684723900715,217,1,199.85,0.0,0.0
13730.0,About to Sleep,0.8222823536903249,136,2,752.6,0.0,0.0
13731.0,Lost,0.9935995798126028,219,2,610.59,0.0,0.0
13737.0,Hibernating,0.9880481687175313,200,1,339.6,0.0,0.0
13740.0,Hibernating,0.996116837699227,241,1,350.75,0.0,0.0
13745.0,Hibernating,0.9714099729286468,162,1,300.04,0.0,0.0
13747.0,Hibernating,0.9905227295582153,374,1,79.6,0.0,0.0
13751.0,Hibernating,0.9961350146559458,288,1,296.25,0.0,0.0
13752.0,About to Sleep,0.7847426629931472,124,6,1186.28,0.0,2.099999999999998
13753.0,Lost,0.9936250157823179,288,1,741.26,0.0,0.0
13754.0,About to Sleep,0.9544646061701046,152,2,282.6,0.0,0.0
13762.0,Hibernating,0.9934538190312033,219,1,306.72,0.0,0.0
13781.0,Hibernating,0.9951565648609692,251,1,127.84,0.0,0.0
13786.0,Hibernating,0.9931800940255374,367,1,230.4,0.0,0.0
13791.0,About to Sleep,0.8112784291812625,128,2,1516.0,0.0,0.0
13800.0,Lost,0.9963436495725979,310,1,558.32,0.0,0.0
13802.0,About to Sleep,0.9074671477875217,139,3,4599.42,0.0,58.999999999999986
13803.0,Hibernating,0.9928360801748012,255,1,277.07,0.0,0.0
13807.0,Hibernating,0.9949147008913525,367,1,112.6,0.0,0.0
13819.0,At Risk,0.9833809436846619,302,3,1140.35,0.0,-2.0000000000000013
13821.0,About to Sleep,0.93657111335093,145,2,385.64,0.0,0.0
13826.0,Hibernating,0.9827624242119379,176,1,189.5,0.0,0.0
13833.0,Hibernating,0.9633582432918224,159,1,384.8,0.0,0.0
13837.0,Hibernating,0.9944807789190155,212,2,271.24,0.0,0.0
13841.0,Hibernating,0.9905227295582153,253,1,85.0,0.0,0.0
13850.0,Others,0.9467336145623272,129,1,1595.48,0.0,0.0
13856.0,About to Sleep,0.8842728402977248,169,3,388.5,0.0,-4.999999999999998
13859.0,Hibernating,0.9965395672331343,326,1,201.16,0.0,0.0
13863.0,Hibernating,0.9936978442271541,248,1,305.78,0.0,0.0
13869.0,About to Sleep,0.9207159520934343,123,4,3104.95,0.0,47.49999999999998
13874.0,Lost,0.9972821356272296,358,1,540.45,0.0,0.0
13885.0,Lost,0.9963082725793868,189,2,506.8,0.0,0.0
13887.0,Hibernating,0.9880481687175313,204,1,349.55,0.0,0.0
13893.0,Lost,0.9928573022801793,298,1,821.1,0.0,0.0
13898.0,Hibernating,0.9965884377451293,326,1,155.93,0.0,0.0
13900.0,At Risk,0.9879117529528796,183,3,740.95,0.0,-61.00000000000001
13922.0,Hibernating,0.9968703212490609,352,1,172.25,0.0,0.0
13925.0,About to Sleep,0.7059703134391886,93,4,678.25,0.0,15.999999999999995
13932.0,Hibernating,0.996656601047093,295,1,307.4,0.0,0.0
13934.0,Lost,0.9866123295798406,264,1,922.1,0.0,0.0
13936.0,Hibernating,0.9863343658902184,180,1,376.58,0.0,0.0
13937.0,Hibernating,0.9922683987542477,169,1,158.85,0.0,0.0
13948.0,Hibernating,0.9949147008913525,361,1,102.0,0.0,0.0
13951.0,About to Sleep,0.8988899147333261,176,3,674.45,0.0,1.999999999999992
13952.0,Lost,0.9588292666727506,218,2,3251.071,0.0,0.0
13955.0,About to Sleep,0.9701417611861168,154,2,322.96,0.0,0.0
13963.0,At Risk,0.993499744918486,308,4,664.54,0.0,-8.000000000000002
13967.0,Hibernating,0.9879331381245734,146,1,80.7,0.0,0.0
13973.0,Hibernating,0.9964479989434489,287,1,264.7,0.0,0.0
13976.0,Hibernating,0.9875881154053388,207,1,357.98,0.0,0.0
13990.0,Hibernating,0.9936978442271541,213,1,311.3,0.0,0.0
14000.0,Lost,0.9868585268374825,211,1,635.66,0.0,0.0
14002.0,About to Sleep,0.8645608340625693,134,2,529.73,0.0,0.0
14009.0,Lost,0.9874416881481163,198,2,695.61,0.0,0.0
14012.0,Hibernating,0.9959859311233431,278,1,328.8,0.0,0.0
14021.0,About to Sleep,0.8856998377492713,155,3,631.9,0.0,10.999999999999993
14022.0,Hibernating,0.9959236650738245,225,1,440.0,0.0,0.0
14024.0,About to Sleep,0.9563628740471093,122,2,327.7,0.0,0.0
14036.0,Lost,0.9931256280508866,285,1,626.65,0.0,0.0
14037.0,About to Sleep,0.9544382482642295,176,2,147.20000000000002,0.0,0.0
14041.0,Hibernating,0.9962193038735978,266,1,141.41,0.0,0.0
14046.0,Hibernating,0.9965884377451293,284,1,154.99,0.0,0.0
14048.0,Hibernating,0.9957732067222348,305,1,409.93,0.0,0.0
14053.0,About to Sleep,0.8924955748208457,124,2,260.25,0.0,0.0
14059.0,Hibernating,0.9951596039877484,267,1,183.6,0.0,0.0
14066.0,Hibernating,0.9965884377451293,267,1,152.55,0.0,0.0
14068.0,Hibernating,0.9965807927787917,320,1,265.85,0.0,0.0
14076.0,Hibernating,0.9644013830389395,129,1,122.47,0.0,0.0
14079.0,Hibernating,0.7988711233126832,125,1,375.1,0.0,0.0
14081.0,Lost,0.9968299721901573,302,2,934.52,0.0,0.0
14082.0,Hibernating,0.9968703212490609,365,1,182.25,0.0,0.0
14090.0,Hibernating,0.9905227295582153,325,1,76.32000000000001,0.0,0.0
14100.0,Hibernating,0.9373257267166548,138,1,194.9,0.0,0.0
14104.0,About to Sleep,0.9535043138086311,154,2,216.21,0.0,0.0
14105.0,Lost,0.9763368439050725,239,1,1266.23,0.0,0.0
14114.0,Hibernating,0.9936464704342234,274,2,386.53,0.0,0.0
14117.0,Hibernating,0.966739544801351,144,1,90.0,0.0,0.0
14130.0,Lost,0.9972821356272296,319,1,483.86,0.0,0.0
14142.0,Hibernating,0.9968834907049995,373,1,311.81,0.0,0.0
14143.0,Hibernating,0.9859214024123758,134,1,115.8,0.0,0.0
14148.0,Hibernating,0.9952946419068887,234,1,157.2,0.0,0.0
14149.0,Hibernating,0.9953338160631383,221,1,446.62,0.0,0.0
14154.0,Lost,0.9852126036052016,239,2,1345.62,0.0,0.0
14155.0,Hibernating,0.9949147008913525,266,1,118.75,0.0,0.0
14161.0,At Risk,0.9844875269371055,216,3,1110.52,0.0,-28.00000000000001
14162.0,About to Sleep,0.9694529737135821,174,2,289.36,0.0,0.0
14165.0,Hibernating,0.9951565648609692,276,1,122.54,0.0,0.0
14176.0,At Risk,0.9917515385698749,297,4,576.9000000000001,0.0,-11.999999999999998
14185.0,Hibernating,0.9967165330790467,331,1,197.65,0.0,0.0
14195.0,Lost,0.9901035926030368,202,2,1012.0,0.0,0.0
14199.0,Hibernating,0.996230587565738,218,1,185.4,0.0,0.0
14206.0,Hibernating,0.996116837699227,239,1,328.16,0.0,0.0
14220.0,Lost,0.9961782380838293,247,2,632.4,0.0,0.0
14222.0,Others,0.9730031384300654,177,1,683.17,0.0,0.0
14231.0,At Risk,0.9899692920189216,184,3,925.71,0.0,-6.999999999999999
14237.0,Hibernating,0.9965884377451293,373,1,161.0,0.0,0.0
14238.0,Hibernating,0.9965884377451293,326,1,146.85,0.0,0.0
14241.0,Hibernating,0.9812044190525046,184,1,213.7,0.0,0.0
14242.0,Hibernating,0.9953604479452287,235,2,280.55,0.0,0.0
14245.0,Lost,0.9800862899862751,220,2,1693.45,0.0,0.0
14247.0,Hibernating,0.9951565648609692,278,1,136.76999999999998,0.0,0.0
14248.0,Hibernating,0.9923049232436463,318,1,302.58,0.0,0.0
14256.0,Lost,0.993579149852186,260,2,969.06,0.0,0.0
14259.0,Hibernating,0.983559571732838,142,1,120.0,0.0,0.0
14264.0,About to Sleep,0.922534642889051,155,2,333.97,0.0,0.0
14267.0,About to Sleep,0.7151929032341893,163,3,1516.24,0.0,0.0
14270.0,Lost,0.9972821356272296,332,1,492.65,0.0,0.0
14271.0,Hibernating,0.9949147008913525,226,1,112.32,0.0,0.0
14280.0,Hibernating,0.992516121866306,197,1,134.04,0.0,0.0
14288.0,Hibernating,0.9959236650738245,213,1,426.6,0.0,0.0
14301.0,Others,0.7910634002028928,117,1,640.14,0.0,0.0
14304.0,Hibernating,0.9880481687175313,223,1,383.45,0.0,0.0
14311.0,Hibernating,0.9936978442271541,243,1,310.26,0.0,0.0
14320.0,Lost,0.9943459871426586,207,2,477.79,0.0,0.0
14323.0,About to Sleep,0.7798842616314096,115,2,605.0600000000001,0.0,0.0
14326.0,Hibernating,0.994684723900715,242,1,183.85,0.0,0.0
14327.0,Hibernating,0.9732657782356158,163,1,311.65,0.0,0.0
14331.0,About to Sleep,0.967096065328666,124,2,462.66,0.0,0.0
14338.0,About to Sleep,0.9203509189397666,161,2,588.22,0.0,0.0
14339.0,Hibernating,0.9934538190312033,243,1,309.52,0.0,0.0
14340.0,Hibernating,0.9946456686263668,219,1,134.7,0.0,0.0
14344.0,About to Sleep,0.8062486796050337,127,8,889.9300000000001,0.0,4.071428571428572
14346.0,About to Sleep,0.809003217226105,121,2,1021.58,0.0,0.0
14348.0,Hibernating,0.9958451623139686,260,1,409.57,0.0,0.0
14350.0,Hibernating,0.9959183409455702,274,1,282.93,0.0,0.0
14351.0,Hibernating,0.9873665839758785,165,1,51.0,0.0,0.0
14352.0,About to Sleep,0.8727697146272966,157,4,1078.96,0.0,37.999999999999986
14353.0,Hibernating,0.9905336323058626,215,1,90.6,0.0,0.0
14355.0,Hibernating,0.9968703212490609,366,1,174.4,0.0,0.0
14364.0,About to Sleep,0.7470974060221843,109,8,3717.35,0.0,3.2857142857142847
14368.0,Hibernating,0.9965884377451293,320,1,155.0,0.0,0.0
14371.0,Hibernating,0.9949147008913525,295,1,100.5,0.0,0.0
14373.0,Hibernating,0.9905336323058626,358,1,76.55,0.0,0.0
14375.0,Hibernating,0.9929468832155418,185,1,257.68,0.0,0.0
14377.0,Lost,0.9931935725107967,191,2,617.05,0.0,0.0
14386.0,Hibernating,0.9962193038735978,297,1,142.4,0.0,0.0
14393.0,Hibernating,0.9905336323058626,218,1,67.95,0.0,0.0
14400.0,Others,0.9601774414857873,149,1,574.7,0.0,0.0
14403.0,About to Sleep,0.7929817553500387,130,4,1475.81,0.0,-9.499999999999991
14411.0,Lost,0.987793342206619,311,1,1063.0,0.0,0.0
14413.0,Hibernating,0.9951565648609692,362,1,122.7,0.0,0.0
14423.0,Hibernating,0.9932070138800271,218,1,265.2,0.0,0.0
14431.0,Lost,0.9972454438003537,303,1,470.36,0.0,0.0
14436.0,Hibernating,0.7898591971713009,99,1,89.06,0.0,0.0
14437.0,Hibernating,0.9905336323058626,366,1,63.0,0.0,0.0
14438.0,Hibernating,0.9951565648609692,306,1,131.9,0.0,0.0
14450.0,At Risk,0.9906688715494834,181,3,483.25,0.0,-14.000000000000009
14453.0,Hibernating,0.992435945252723,190,1,119.93,0.0,0.0
14457.0,Hibernating,0.9949147008913525,311,1,113.64,0.0,0.0
14459.0,Others,0.9467336145623272,155,1,1837.92,0.0,0.0
14461.0,About to Sleep,0.781445750728933,148,3,2103.06,0.0,-53.0
14465.0,At Risk,0.9866726998438968,247,3,1058.62,0.0,0.0
14476.0,Hibernating,0.9948831003889,257,1,215.7,0.0,0.0
14479.0,Lost,0.9939123374759593,254,2,316.25,0.0,0.0
14481.0,About to Sleep,0.8996994207982242,165,2,636.51,0.0,0.0
14483.0,Hibernating,0.9951565648609692,282,1,137.1,0.0,0.0
14489.0,Hibernating,0.9898924861422044,207,1,463.38,0.0,0.0
14491.0,About to Sleep,0.90082251857499,175,2,340.93,0.0,0.0
14496.0,At Risk,0.9972856917604075,312,2,538.8100000000001,0.0,0.0
14497.0,Lost,0.9972821356272296,309,1,475.37,0.0,0.0
14501.0,Lost,0.9940730427154797,184,2,251.21,0.0,0.0
14512.0,Lost,0.9832459618005396,188,2,275.28,0.0,0.0
14532.0,At Risk,0.9904045455864954,236,4,932.85,0.0,4.999999999999996
14536.0,Hibernating,0.9953403400499101,260,1,171.8,0.0,0.0
14542.0,Hibernating,0.9949147008913525,186,1,103.25,0.0,0.0
14548.0,About to Sleep,0.8889699387363241,151,2,652.8,0.0,0.0
14549.0,Hibernating,0.9964894582468256,311,1,289.24,0.0,0.0
14552.0,Hibernating,0.9745469386633105,152,1,165.07,0.0,0.0
14570.0,Lost,0.9946020870925636,281,2,218.06,0.0,0.0
14573.0,At Risk,0.9653329776765645,180,9,1653.42,0.0,-8.357142857142858
14576.0,Hibernating,0.9905227295582153,372,1,35.400000000000006,0.0,0.0
14584.0,About to Sleep,0.9034547451508459,169,4,1042.26,0.0,6.5
14586.0,Hibernating,0.9948665445882513,277,1,237.36,0.0,0.0
14589.0,Hibernating,0.9905336323058626,372,1,39.75,0.0,0.0
14600.0,Hibernating,0.9962362752415344,306,1,393.33,0.0,0.0
14603.0,Lost,0.9966357386934744,275,1,660.0,0.0,0.0
14616.0,Lost,0.9837567926479965,243,3,406.08,0.0,8.999999999999996
14619.0,Hibernating,0.9958451623139686,246,1,394.44,0.0,0.0
14620.0,Lost,0.9928357249312411,206,2,412.78,0.0,0.0
14622.0,Hibernating,0.9880481687175313,185,1,320.58000000000004,0.0,0.0
14625.0,At Risk,0.9798297775595395,196,2,899.63,0.0,0.0
14632.0,Hibernating,0.9949147008913525,263,1,114.56,0.0,0.0
14633.0,Hibernating,0.996116837699227,266,1,344.90000000000003,0.0,0.0
14645.0,About to Sleep,0.8921871584177004,157,2,597.09,0.0,0.0
14647.0,Hibernating,0.9849770381846225,201,1,243.22,0.0,0.0
14656.0,About to Sleep,0.9768123040280773,169,2,291.05,0.0,0.0
14669.0,At Risk,0.9911302631731443,242,3,1269.99,0.0,0.0
14670.0,Lost,0.9965973221745478,280,2,411.53,0.0,0.0
14672.0,At Risk,0.9949894343958627,235,2,765.55,0.0,0.0
14682.0,Lost,0.9902131797719291,188,2,52.0,0.0,0.0
14689.0,Hibernating,0.9949147008913525,209,1,112.8,0.0,0.0
14692.0,About to Sleep,0.834145366047921,137,4,591.55,0.0,37.49999999999999
14693.0,Hibernating,0.9951596039877484,264,1,172.9,0.0,0.0
14697.0,Lost,0.9946020870925636,218,2,188.61,0.0,0.0
14699.0,Hibernating,0.9949147008913525,214,1,109.13,0.0,0.0
14705.0,Hibernating,0.9910158594502699,199,1,179.0,0.0,0.0
14722.0,Hibernating,0.9373257267166548,147,1,187.92,0.0,0.0
14727.0,Hibernating,0.9957599285275515,274,1,268.58,0.0,0.0
14729.0,Hibernating,0.9962287768547299,374,1,313.49,0.0,0.0
14740.0,At Risk,0.9646505434569005,197,3,1448.21,0.0,-30.000000000000004
14747.0,Hibernating,0.996116837699227,249,1,328.2,0.0,0.0
14758.0,About to Sleep,0.833643604406059,145,4,1484.06,0.0,13.499999999999991
14760.0,Hibernating,0.9905336323058626,297,1,89.2,0.0,0.0
14762.0,Hibernating,0.9930236757232098,264,1,300.52,0.0,0.0
14770.0,At Risk,0.9919926137169449,232,2,876.42,0.0,0.0
14779.0,Lost,0.9959355163434144,281,3,386.15,0.0,40.99999999999999
14782.0,Hibernating,0.9965395672331343,320,1,200.1,0.0,0.0
14795.0,Hibernating,0.9865852330126877,166,1,131.45000000000002,0.0,0.0
14803.0,About to Sleep,0.9763431738780023,162,3,845.55,0.0,95.99999999999997
14813.0,Lost,0.9960650885889618,370,2,155.43,0.0,0.0
14816.0,Hibernating,0.9932070138800271,197,1,271.85,0.0,0.0
14817.0,At Risk,0.9844191817531919,200,2,1110.34,0.0,0.0
14821.0,Hibernating,0.9909490416674536,367,1,48.8,0.0,0.0
14823.0,Lost,0.9875596934805613,180,3,321.43,0.0,0.0
14828.0,At Risk,0.9753343161491904,197,3,2139.76,0.0,-23.999999999999996
14840.0,Hibernating,0.9905336323058626,268,1,62.85,0.0,0.0
14847.0,Hibernating,0.9694977289177197,149,1,309.4,0.0,0.0
14850.0,Hibernating,0.9972950498267721,312,1,325.75,0.0,0.0
14867.0,At Risk,0.9801003073929889,186,3,710.28,0.0,-85.0
14870.0,Hibernating,0.9959660978934994,262,1,327.25,0.0,0.0
14873.0,Lost,0.9927965157528503,210,1,519.68,0.0,0.0
14885.0,Others,0.9354097345005613,132,1,765.3199999999999,0.0,0.0
14886.0,Hibernating,0.996116837699227,253,1,364.8,0.0,0.0
14888.0,Hibernating,0.9880481687175313,207,1,369.2,0.0,0.0
14889.0,Hibernating,0.9951565648609692,336,1,135.9,0.0,0.0
14890.0,Hibernating,0.9951565648609692,254,1,125.65,0.0,0.0
14891.0,About to Sleep,0.9624111658018548,148,2,554.38,0.0,0.0
14896.0,At Risk,0.9885813423815722,205,2,468.77,0.0,0.0
14905.0,About to Sleep,0.8825387871335642,158,2,616.15,0.0,0.0
14920.0,At Risk,0.9822073495002659,213,2,977.77,0.0,0.0
14924.0,Hibernating,0.9934538190312033,246,1,310.05,0.0,0.0
14957.0,Hibernating,0.9905336323058626,253,1,58.49,0.0,0.0
14958.0,About to Sleep,0.8768286650259718,147,3,499.68,0.0,-22.000000000000007
14962.0,Hibernating,0.9951565648609692,271,1,126.7,0.0,0.0
14964.0,Hibernating,0.994684723900715,247,1,206.21,0.0,0.0
14972.0,Hibernating,0.9864423852724394,128,1,114.77,0.0,0.0
14981.0,Hibernating,0.9949147008913525,246,1,102.12,0.0,0.0
14985.0,Lost,0.9951144014515338,198,2,296.75,0.0,0.0
14988.0,Hibernating,0.9943327948101103,212,1,334.54,0.0,0.0
14998.0,About to Sleep,0.9299677872464178,170,2,429.87,0.0,0.0
15004.0,Others,0.9722890727603848,147,1,1246.32,0.0,0.0
15007.0,Hibernating,0.9907781765395012,159,1,156.91,0.0,0.0
15016.0,Hibernating,0.9918509890123905,173,1,170.04,0.0,0.0
15019.0,Hibernating,0.9966186819673714,267,1,266.0,0.0,0.0
15032.0,At Risk,0.9779618885522846,256,3,4959.1,0.0,0.0
15041.0,Hibernating,0.9926466462567103,170,1,180.35,0.0,0.0
15042.0,Hibernating,0.9921168381368162,199,1,135.93,0.0,0.0
15045.0,About to Sleep,0.8666085991881902,152,2,735.66,0.0,0.0
15047.0,Hibernating,0.996116837699227,270,1,343.62,0.0,0.0
15049.0,Hibernating,0.9943542885812396,274,1,121.17000000000002,0.0,0.0
15052.0,Hibernating,0.9953403400499101,319,1,215.78,0.0,0.0
15057.0,At Risk,0.9913400275868729,275,2,1489.5,0.0,0.0
15063.0,Hibernating,0.9869293725934173,213,1,370.8,0.0,0.0
15069.0,Lost,0.972497725568317,179,1,1109.53,0.0,0.0
15070.0,Hibernating,0.9928073780296983,373,1,106.2,0.0,0.0
15074.0,Others,0.8963445549580477,105,1,748.87,0.0,0.0
15076.0,Others,0.9818511690404977,173,1,880.85,0.0,0.0
15079.0,At Risk,0.9875188495402465,213,4,895.61,0.0,52.999999999999986
15083.0,Hibernating,0.9905336323058626,257,1,88.2,0.0,0.0
15087.0,Hibernating,0.9941196490380164,282,1,306.94,0.0,0.0
15090.0,Hibernating,0.996116837699227,308,1,381.32,0.0,0.0
15092.0,Lost,0.9965039470036884,215,2,457.81,0.0,0.0
15098.0,At Risk,0.9689754304463487,182,3,39916.5,0.0,0.0
15100.0,At Risk,0.9939333278851854,334,3,876.0,0.0,25.999999999999996
15104.0,At Risk,0.987299721773435,197,2,1027.44,0.0,0.0
15107.0,Lost,0.9966043804489849,311,6,319.5,0.0,-1.0000000000000013
15109.0,Lost,0.9963436495725979,246,1,484.95,0.0,0.0
15118.0,Hibernating,0.7604619345964801,134,1,244.8,0.0,0.0
15119.0,Hibernating,0.9925589365622393,246,1,266.4,0.0,0.0
15120.0,Hibernating,0.8698645812387988,134,1,358.82,0.0,0.0
15130.0,Hibernating,0.9880481687175313,170,1,330.11,0.0,0.0
15133.0,About to Sleep,0.7552493762195266,128,3,982.42,0.0,85.99999999999997
15135.0,Hibernating,0.9936673850593807,239,1,139.05,0.0,0.0
15139.0,Lost,0.9953987357478332,240,2,178.96,0.0,0.0
15143.0,Hibernating,0.9920651284418165,226,1,259.45,0.0,0.0
15147.0,Lost,0.9869647413370136,240,1,623.5,0.0,0.0
15149.0,Others,0.9549961828344865,134,1,520.8000000000001,0.0,0.0
15160.0,Hibernating,0.9965884377451293,357,1,158.16,0.0,0.0
15165.0,Lost,0.9975442943895303,373,1,487.75,0.0,0.0
15167.0,Hibernating,0.9964973067092463,321,1,163.0,0.0,0.0
15171.0,Lost,0.9841890048841245,331,1,1289.5,0.0,0.0
15174.0,Hibernating,0.9951565648609692,323,1,135.75,0.0,0.0
15178.0,Hibernating,0.9905336323058626,260,1,40.5,0.0,0.0
15180.0,Hibernating,0.9905336323058626,367,1,87.5,0.0,0.0
15182.0,About to Sleep,0.8926317826669772,154,2,622.85,0.0,0.0
15198.0,About to Sleep,0.8195302689044639,92,2,193.64,0.0,0.0
15204.0,Hibernating,0.9972561447280344,357,1,316.58,0.0,0.0
15210.0,Hibernating,0.996116837699227,225,1,331.18,0.0,0.0
15212.0,Hibernating,0.9949147008913525,241,1,101.8,0.0,0.0
15213.0,Lost,0.9972517446240133,319,2,328.35,0.0,0.0
15219.0,Hibernating,0.9732657782356158,176,1,305.75,0.0,0.0
15221.0,Hibernating,0.9966205302067739,366,1,403.25,0.0,0.0
15222.0,Lost,0.9959418581497939,319,1,585.0,0.0,0.0
15223.0,At Risk,0.9892371503877649,226,2,755.75,0.0,0.0
15224.0,Lost,0.9947126718686515,358,2,322.08,0.0,0.0
15225.0,Hibernating,0.9937262002740908,234,1,409.4,0.0,0.0
15226.0,Hibernating,0.9965884377451293,311,1,154.41,0.0,0.0
15230.0,Lost,0.9962081780111163,239,2,429.6,0.0,0.0
15234.0,Hibernating,0.9951596039877484,277,1,197.0,0.0,0.0
15235.0,At Risk,0.9536471648826239,218,12,2247.51,0.0,1.6333333333333337
15236.0,Hibernating,0.9963773289357473,299,1,321.05,0.0,0.0
15246.0,At Risk,0.9964790917155851,238,2,514.15,0.0,0.0
15247.0,Hibernating,0.8410973824805071,122,1,356.0,0.0,0.0
15254.0,Hibernating,0.8940501924005226,127,1,300.36,0.0,0.0
15256.0,Hibernating,0.9895213238640397,149,1,98.45,0.0,0.0
15257.0,Hibernating,0.9944765477291572,283,1,317.15,0.0,0.0
15258.0,About to Sleep,0.8438274000922221,169,2,623.16,0.0,0.0
15261.0,Hibernating,0.9173276739046821,135,1,254.82,0.0,0.0
15262.0,Hibernating,0.9968703212490609,324,1,178.95000000000002,0.0,0.0
15265.0,About to Sleep,0.7250795547106383,151,2,1506.12,0.0,0.0
15266.0,Hibernating,0.9949147008913525,338,1,119.3,0.0,0.0
15279.0,Hibernating,0.9968834907049995,355,1,290.51,0.0,0.0
15280.0,Hibernating,0.9899104538010697,172,1,113.12,0.0,0.0
15292.0,Hibernating,0.9948831003889,201,1,180.94,0.0,0.0
15303.0,Lost,0.9962921179687043,290,1,574.02,0.0,0.0
15308.0,Hibernating,0.9937287594142292,274,1,310.47,0.0,0.0
15313.0,Hibernating,0.9873665839758785,110,1,52.0,0.0,0.0
15314.0,Hibernating,0.990838020568281,199,1,327.97,0.0,0.0
15316.0,Hibernating,0.9928298003296927,327,1,165.0,0.0,0.0
15319.0,Hibernating,0.9953403400499101,284,1,204.5,0.0,0.0
15326.0,Hibernating,0.9968002159378898,334,1,311.71,0.0,0.0
15333.0,Lost,0.9751770530932666,208,1,1028.56,0.0,0.0
15334.0,About to Sleep,0.8876244487141078,157,3,351.67,0.0,-3.000000000000002
15342.0,Hibernating,0.8351223215370115,130,1,406.09,0.0,0.0
15346.0,Hibernating,0.996534517682874,333,1,252.42,0.0,0.0
15347.0,Hibernating,0.9968703212490609,366,1,201.6,0.0,0.0
15349.0,About to Sleep,0.9422573477196207,158,2,473.81,0.0,0.0
15350.0,Hibernating,0.9949147008913525,373,1,115.65,0.0,0.0
15353.0,At Risk,0.9956965100191497,255,2,777.02,0.0,0.0
15361.0,Hibernating,0.9968654176936573,362,1,418.92,0.0,0.0
15363.0,Hibernating,0.997478722693528,373,1,326.0,0.0,0.0
15372.0,Others,0.9467336145623272,137,1,2007.4,0.0,0.0
15374.0,Hibernating,0.9241368560789945,129,1,168.0,0.0,0.0
15379.0,About to Sleep,0.9103760823597452,169,7,3703.29,0.0,0.657142857142856
15381.0,At Risk,0.9955614077473063,214,2,596.85,0.0,0.0
15384.0,About to Sleep,0.8684583701213636,170,2,642.41,0.0,0.0
15386.0,Hibernating,0.9844682184305743,186,1,394.14,0.0,0.0
15389.0,Others,0.9216210339510009,172,1,500.0,0.0,0.0
15395.0,Hibernating,0.9949147008913525,326,1,107.45,0.0,0.0
15397.0,Hibernating,0.9949147008913525,290,1,94.0,0.0,0.0
15402.0,About to Sleep,0.8226133764953615,149,2,626.77,0.0,0.0
15405.0,Hibernating,0.9875881154053388,189,1,349.1,0.0,0.0
15408.0,Hibernating,0.9959183409455702,264,1,267.18,0.0,0.0
15412.0,Hibernating,0.9829511486196129,171,1,190.53,0.0,0.0
15415.0,Lost,0.9965492753193068,313,1,572.8100000000001,0.0,0.0
15422.0,Lost,0.9957897328345294,323,2,97.7,0.0,0.0
15424.0,Lost,0.9952437965875337,254,2,383.34,0.0,0.0
15433.0,At Risk,0.9976561980308675,214,2,533.3,0.0,0.0
15437.0,Hibernating,0.9947466558175591,262,1,200.16,0.0,0.0
15438.0,Hibernating,0.7134950192004686,131,1,156.57999999999998,0.0,0.0
15442.0,Lost,0.9959176015576321,249,1,594.0,0.0,0.0
15445.0,Hibernating,0.9949147008913525,264,1,113.5,0.0,0.0
15447.0,Hibernating,0.9965884377451293,331,1,155.17,0.0,0.0
15448.0,Lost,0.9972454438003537,313,1,494.64,0.0,0.0
15454.0,Hibernating,0.9968703212490609,362,1,179.1,0.0,0.0
15456.0,Lost,0.9945720171318749,283,3,447.22,0.0,0.0
15457.0,Hibernating,0.9947296608872356,262,1,237.07,0.0,0.0
15460.0,Hibernating,0.9964471354022566,354,1,216.76,0.0,0.0
15464.0,Lost,0.9896239862504952,338,1,1048.85,0.0,0.0
15483.0,About to Sleep,0.9635265927357448,161,4,233.81,0.0,0.0
15491.0,About to Sleep,0.8554792665297954,95,6,3100.09,0.0,0.40000000000000846
15503.0,Hibernating,0.9970985967800567,363,1,147.09,0.0,0.0
15507.0,Others,0.9860871812197289,172,1,492.36,0.0,0.0
15508.0,At Risk,0.9687003808602761,189,6,1000.27,0.0,9.999999999999996
15510.0,Hibernating,0.9912914330864272,331,1,250.0,0.0,0.0
15517.0,Hibernating,0.992360522459443,233,1,267.03,0.0,0.0
15528.0,Hibernating,0.9955370711158253,254,1,229.33,0.0,0.0
15535.0,About to Sleep,0.8212355327670788,173,4,536.4,0.0,-28.00000000000001
15537.0,Hibernating,0.9899104538010697,163,1,110.92,0.0,0.0
15543.0,Hibernating,0.9951565648609692,288,1,127.86,0.0,0.0
15552.0,Hibernating,0.9905336323058626,217,1,90.12,0.0,0.0
15554.0,Hibernating,0.994684723900715,278,1,217.2,0.0,0.0
15562.0,Hibernating,0.9931487790463035,352,1,134.55,0.0,0.0
15574.0,About to Sleep,0.9602686851786838,178,4,702.25,0.0,166.99999999999997
15577.0,About to Sleep,0.871386761093711,151,3,258.88,0.0,0.0
15578.0,Hibernating,0.9865852330126877,162,1,127.1,0.0,0.0
15585.0,Hibernating,0.9808897792018929,177,1,455.3,0.0,0.0
15589.0,At Risk,0.995513616254452,256,3,478.53,0.0,0.0
15607.0,Hibernating,0.9949147008913525,337,1,104.76,0.0,0.0
15609.0,Hibernating,0.9897831222848846,184,1,298.48,0.0,0.0
15623.0,Hibernating,0.8940501924005226,141,1,301.03,0.0,0.0
15639.0,Hibernating,0.9468339972834278,134,1,425.32,0.0,0.0
15643.0,At Risk,0.9841779480799132,192,3,664.0,0.0,0.0
15644.0,About to Sleep,0.9881192894856512,166,4,813.0,0.0,84.99999999999997
15648.0,At Risk,0.9944389153733664,204,2,657.35,0.0,0.0
15649.0,At Risk,0.9969260509833908,336,2,816.0,0.0,0.0
15655.0,Lost,0.9927965157528503,243,1,560.67,0.0,0.0
15658.0,At Risk,0.9330917420266992,190,5,1024.1,0.0,-15.199999999999992
15661.0,Lost,0.9959932327233914,317,2,309.8,0.0,0.0
15665.0,About to Sleep,0.7475596737643221,168,2,2242.01,0.0,0.0
15668.0,Hibernating,0.9905227295582153,218,1,76.32000000000001,0.0,0.0
15670.0,Hibernating,0.9965395672331343,297,1,173.05,0.0,0.0
15691.0,Hibernating,0.9953700558985364,252,1,136.8,0.0,0.0
15695.0,Lost,0.9959001229518878,267,2,409.98,0.0,0.0
15700.0,About to Sleep,0.929233274654139,172,2,696.68,0.0,0.0
15703.0,Hibernating,0.9944004877956628,265,1,211.5,0.0,0.0
15704.0,About to Sleep,0.8341834538244423,140,4,2293.62,0.0,18.99999999999999
15705.0,Hibernating,0.9941548198214963,201,1,143.1,0.0,0.0
15709.0,Hibernating,0.9951565648609692,284,1,133.25,0.0,0.0
15713.0,About to Sleep,0.8839313897284362,143,2,356.7,0.0,0.0
15717.0,Hibernating,0.9947244552325669,234,1,150.3,0.0,0.0
15723.0,Hibernating,0.9967866957214436,365,1,203.1,0.0,0.0
15724.0,Lost,0.9928893711024883,201,2,218.25,0.0,0.0
15729.0,Hibernating,0.9905336323058626,213,1,85.0,0.0,0.0
15732.0,Lost,0.9888251457634503,212,2,294.12,0.0,0.0
15733.0,Hibernating,0.9965884377451293,283,1,162.3,0.0,0.0
15746.0,Hibernating,0.9373257267166548,134,1,196.88,0.0,0.0
15749.0,At Risk,0.961681465863673,235,3,44534.3,0.0,0.0
15753.0,Hibernating,0.9905227295582153,305,1,79.2,0.0,0.0
15759.0,Lost,0.9959672345364965,218,3,253.04,0.0,15.999999999999984
15775.0,Hibernating,0.9949147008913525,245,1,104.9,0.0,0.0
15777.0,At Risk,0.9939220216067457,241,4,1047.11,0.0,31.99999999999999
15780.0,At Risk,0.9766654002046636,184,3,475.28,0.0,-56.00000000000001
15789.0,Hibernating,0.9972950498267721,358,1,351.3,0.0,0.0
15795.0,Others,0.9544386036603121,150,1,610.01,0.0,0.0
15797.0,About to Sleep,0.8330590699520891,113,4,2207.4,0.0,43.00000000000001
15802.0,Hibernating,0.8573062152436208,143,1,451.42,0.0,0.0
15808.0,At Risk,0.9721231314042377,306,4,3734.97,0.0,12.499999999999996
15813.0,At Risk,0.9590524748550784,208,2,1303.91,0.0,0.0
15820.0,Hibernating,0.9953403400499101,320,1,206.98,0.0,0.0
15823.0,Hibernating,0.7053687935522127,372,1,15.0,0.0,0.0
15825.0,Others,0.983997619465424,172,1,532.94,0.0,0.0
15832.0,Lost,0.9862827730022204,254,1,836.79,0.0,0.0
15843.0,Hibernating,0.9949147008913525,304,1,118.95000000000002,0.0,0.0
15852.0,Lost,0.997785487717085,187,2,160.71,0.0,0.0
15855.0,About to Sleep,0.8561450720360427,137,5,712.24,0.0,6.100000000000001
15869.0,Lost,0.9960650885889618,277,2,149.64,0.0,0.0
15880.0,Hibernating,0.9967301014597159,369,1,343.28000000000003,0.0,0.0
15881.0,At Risk,0.9939909665215674,312,5,501.39,0.0,45.999999999999986
15882.0,At Risk,0.9683413766382097,199,4,516.36,0.0,0.0
15889.0,About to Sleep,0.7486650183002441,157,2,446.87,0.0,0.0
15891.0,Lost,0.9927965157528503,227,1,524.52,0.0,0.0
15894.0,Lost,0.9943789956036453,253,2,263.55,0.0,0.0
15895.0,Hibernating,0.9752223243287197,150,1,179.17,0.0,0.0
15897.0,Lost,0.9784718424625586,194,2,222.05,0.0,0.0
15899.0,Hibernating,0.9905336323058626,369,1,56.25,0.0,0.0
15909.0,Hibernating,0.9829511486196129,174,1,191.94,0.0,0.0
15912.0,About to Sleep,0.8387559854656955,178,2,264.62,0.0,0.0
15917.0,Hibernating,0.9951565648609692,248,1,123.1,0.0,0.0
15918.0,Lost,0.9930787573131709,191,2,334.23,0.0,0.0
15920.0,About to Sleep,0.8868778326678289,154,4,167.5,0.0,0.0
15921.0,Hibernating,0.9880481687175313,173,1,336.03000000000003,0.0,0.0
15922.0,Hibernating,0.9971899178086129,373,1,369.5,0.0,0.0
15923.0,Hibernating,0.9951565648609692,373,1,127.08,0.0,0.0
15925.0,Hibernating,0.9926053006780508,194,1,207.15,0.0,0.0
15935.0,Lost,0.9902530993647153,239,2,416.86,0.0,0.0
15940.0,Hibernating,0.9905227295582153,311,1,35.8,0.0,0.0
15942.0,Hibernating,0.9518989264449934,134,1,337.44,0.0,0.0
15944.0,Hibernating,0.9959859311233431,277,1,325.1,0.0,0.0
15945.0,Hibernating,0.997257024957363,365,1,181.0,0.0,0.0
15970.0,Hibernating,0.9968099755528584,304,1,314.1,0.0,0.0
15973.0,Hibernating,0.9971129757959947,367,1,307.82000000000005,0.0,0.0
15976.0,About to Sleep,0.9498549679079451,165,2,430.94,0.0,0.0
15985.0,About to Sleep,0.8519968358739698,123,2,1142.42,0.0,0.0
16006.0,Hibernating,0.9954320343447329,211,1,101.4,0.0,0.0
16010.0,Lost,0.9935297872109004,246,3,407.5,0.0,-107.0
16022.0,Lost,0.994942997953136,260,1,628.28,0.0,0.0
16030.0,Hibernating,0.9960836886075629,310,1,331.24,0.0,0.0
16031.0,About to Sleep,0.8539377070756196,92,2,548.94,0.0,0.0
16034.0,Lost,0.995807458258558,196,3,437.7,0.0,-111.99999999999997
16037.0,At Risk,0.9918577925595108,270,3,855.02,0.0,-19.000000000000007
16048.0,Lost,0.9944618570039434,373,2,256.44,0.0,0.0
16050.0,About to Sleep,0.975175732412896,174,1,137.9,0.0,0.0
16054.0,About to Sleep,0.8425030855402295,145,1,783.9,0.0,0.0
16055.0,Hibernating,0.9951902387371229,221,1,134.8,0.0,0.0
16063.0,Hibernating,0.997163962724974,260,1,335.32,0.0,0.0
16065.0,Hibernating,0.9979505961781538,365,1,372.09,0.0,0.0
16072.0,Lost,0.9964769529140155,288,1,584.3199999999999,0.0,0.0
16073.0,Hibernating,0.9926046419033981,297,1,122.4,0.0,0.0
16078.0,Hibernating,0.9914830385835176,284,1,79.2,0.0,0.0
16084.0,Hibernating,0.9980008275149415,299,1,436.18,0.0,0.0
16091.0,About to Sleep,0.912493371789877,155,2,315.06,0.0,0.0
16096.0,Hibernating,0.9970537508580307,264,1,320.62,0.0,0.0
16097.0,Hibernating,0.9956521320390538,240,1,185.05,0.0,0.0
16105.0,Hibernating,0.9970537508580307,249,1,336.96,0.0,0.0
16109.0,At Risk,0.9957715311628483,219,2,611.88,0.0,0.0
16113.0,Hibernating,0.9953162987767646,183,1,161.38,0.0,0.0
16114.0,About to Sleep,0.975175732412896,171,1,135.75000000000003,0.0,0.0
16116.0,Lost,0.9892426382315299,212,1,612.78,0.0,0.0
16117.0,Hibernating,0.9848359288257335,190,1,232.21,0.0,0.0
16124.0,Hibernating,0.9960426754820051,317,1,249.0,0.0,0.0
16125.0,Hibernating,0.9972724908374747,367,1,289.35,0.0,0.0
16135.0,Lost,0.996965539489201,263,1,517.55,0.0,0.0
16142.0,Lost,0.9946914003367819,250,1,535.34,0.0,0.0
16144.0,Hibernating,0.9930492743519973,247,1,175.2,0.0,0.0
16146.0,About to Sleep,0.9714798477305814,157,3,734.13,0.0,16.999999999999996
16147.0,About to Sleep,0.7994418371094459,134,1,375.0,0.0,0.0
16148.0,Hibernating,0.9914830385835176,296,1,76.32000000000001,0.0,0.0
16152.0,Lost,0.9804767145781026,269,1,1829.04,0.0,0.0
16159.0,Hibernating,0.9970537508580307,282,1,348.2,0.0,0.0
16162.0,Hibernating,0.9918665082173721,252,1,37.4,0.0,0.0
16163.0,At Risk,0.9934478621637667,232,2,856.6,0.0,0.0
16174.0,About to Sleep,0.8900806073111391,126,3,1009.55,0.0,-9.0
16178.0,About to Sleep,0.9320383129992702,138,1,197.9,0.0,0.0
16193.0,Hibernating,0.9957694471512967,237,1,314.45,0.0,0.0
16202.0,Hibernating,0.9980250906579438,361,1,365.27,0.0,0.0
16214.0,About to Sleep,0.9485738046947454,171,3,1062.75,0.0,64.99999999999999
16216.0,Lost,0.9926747231871168,267,1,914.93,0.0,0.0
16217.0,Lost,0.9911364195607739,235,2,304.25,0.0,0.0
16222.0,Lost,0.9942947295653278,318,1,846.72,0.0,0.0
16226.0,Lost,0.9845590387093124,203,3,255.12,0.0,-23.999999999999996
16227.0,Hibernating,0.9956052815470711,225,1,314.22,0.0,0.0
16230.0,At Risk,0.9929801707308442,190,2,542.03,0.0,0.0
16244.0,At Risk,0.9839649005243101,212,2,1522.75,0.0,0.0
16247.0,About to Sleep,0.9737282048795132,170,1,114.56,0.0,0.0
16250.0,Lost,0.9959318368792682,261,2,389.44,0.0,0.0
16256.0,Lost,0.9945415417282248,267,1,752.4300000000001,0.0,0.0
16257.0,About to Sleep,0.9790824471004772,177,1,46.95,0.0,0.0
16270.0,Lost,0.9944109700852941,353,1,1141.24,0.0,0.0
16274.0,Hibernating,0.997754236026259,373,1,357.95,0.0,0.0
16275.0,Lost,0.9877949433096643,197,1,559.87,0.0,0.0
16276.0,About to Sleep,0.8754579544623352,177,1,810.6000000000001,0.0,0.0
16282.0,Hibernating,0.9971892691918628,340,1,168.3,0.0,0.0
16287.0,About to Sleep,0.9791976014023838,170,1,142.5,0.0,0.0
16292.0,About to Sleep,0.8659287867575878,122,1,302.25,0.0,0.0
16297.0,Hibernating,0.9954168855246911,269,1,301.9,0.0,0.0
16305.0,About to Sleep,0.8443126275939163,139,1,361.22,0.0,0.0
16306.0,At Risk,0.9887105360622357,214,6,632.27,0.0,6.799999999999996
16315.0,Hibernating,0.9962081904705357,331,1,226.37,0.0,0.0
16319.0,Hibernating,0.995947970239226,218,1,404.4,0.0,0.0
16323.0,Hibernating,0.9912280141266382,196,1,207.50000000000003,0.0,0.0
16324.0,About to Sleep,0.929373375376067,128,3,428.68,0.0,0.0
16338.0,About to Sleep,0.9320383129992702,157,1,214.8,0.0,0.0
16339.0,Hibernating,0.9954320343447329,284,1,109.95,0.0,0.0
16344.0,About to Sleep,0.9788064738916067,158,1,101.1,0.0,0.0
16349.0,Hibernating,0.9914928460701556,291,1,53.5,0.0,0.0
16351.0,Hibernating,0.9969360243552466,333,1,153.9,0.0,0.0
16356.0,Lost,0.9912510175486919,198,3,211.77,0.0,-20.000000000000004
16377.0,Lost,0.9943115673333109,267,1,676.2,0.0,0.0
16378.0,Lost,0.9842136183237388,247,3,362.95,0.0,34.999999999999986
16387.0,Hibernating,0.9954320343447329,323,1,94.36,0.0,0.0
16392.0,Hibernating,0.9957028407182154,270,1,221.19,0.0,0.0
16398.0,About to Sleep,0.8809463432550109,154,2,1705.8,0.0,0.0
16402.0,Lost,0.9936565748253825,265,2,299.6,0.0,0.0
16403.0,Hibernating,0.9971892691918628,312,1,177.5,0.0,0.0
16405.0,Lost,0.9963235639002919,302,2,167.25,0.0,0.0
16424.0,Hibernating,0.9929167750533868,191,1,133.56,0.0,0.0
16425.0,Hibernating,0.9975585314172486,302,1,302.7,0.0,0.0
16427.0,Lost,0.9943313103248367,263,2,241.06,0.0,0.0
16431.0,At Risk,0.9853978656583,213,3,642.81,0.0,0.0
16447.0,About to Sleep,0.9284572623253817,136,1,259.01,0.0,0.0
16448.0,Hibernating,0.9900650618948516,198,1,188.89,0.0,0.0
16449.0,At Risk,0.9936763973387216,198,2,707.69,0.0,0.0
16450.0,About to Sleep,0.9251107075915542,150,1,311.92,0.0,0.0
16457.0,Hibernating,0.9896818326734088,218,1,208.36,0.0,0.0
16461.0,About to Sleep,0.9818898952281332,178,1,151.42,0.0,0.0
16471.0,Hibernating,0.9962081904705357,275,1,223.95,0.0,0.0
16473.0,About to Sleep,0.9392101932309197,165,3,316.11,0.0,73.99999999999997
16483.0,Hibernating,0.99467339041993,192,1,139.35,0.0,0.0
16484.0,About to Sleep,0.9311027093323676,174,2,404.3,0.0,0.0
16494.0,Lost,0.9947452338241392,297,1,826.53,0.0,0.0
16498.0,About to Sleep,0.9481877066102757,161,2,100.97,0.0,0.0
16499.0,Lost,0.9978515571383806,360,2,365.45,0.0,0.0
16509.0,Hibernating,0.9970537508580307,297,1,363.7,0.0,0.0
16510.0,Hibernating,0.9960426754820051,372,1,248.1,0.0,0.0
16517.0,Hibernating,0.9966121904465925,277,1,162.7,0.0,0.0
16520.0,At Risk,0.9733765171453326,186,3,1046.57,0.0,-73.0
16526.0,About to Sleep,0.9363073076030902,172,1,290.36,0.0,0.0
16529.0,Hibernating,0.9948045500671702,190,1,455.25,0.0,0.0
16545.0,About to Sleep,0.9770561828728365,165,1,339.3,0.0,0.0
16546.0,At Risk,0.9952164079286661,291,2,787.15,0.0,0.0
16552.0,Lost,0.995860687424959,243,2,379.73,0.0,0.0
16553.0,About to Sleep,0.8181789267569812,163,12,5719.82,0.0,-3.100000000000008
16565.0,Hibernating,0.9971892691918628,364,1,173.7,0.0,0.0
16567.0,At Risk,0.9830554031063102,194,2,865.6,0.0,0.0
16572.0,About to Sleep,0.7671626117571027,127,3,1009.6,0.0,-100.00000000000001
16581.0,Hibernating,0.9954320343447329,183,1,105.84,0.0,0.0
16583.0,Hibernating,0.9964966876884137,374,1,233.45,0.0,0.0
16586.0,Hibernating,0.9969097070715076,249,1,463.95,0.0,0.0
16587.0,Hibernating,0.9909945396809108,232,1,225.15,0.0,0.0
16598.0,Hibernating,0.9969360243552466,286,1,145.04999999999998,0.0,0.0
16610.0,Hibernating,0.9914928460701556,219,1,75.66,0.0,0.0
16611.0,Hibernating,0.9932758164259038,186,1,129.49,0.0,0.0
16614.0,Lost,0.9877949433096643,183,1,506.19,0.0,0.0
16617.0,Hibernating,0.9950074788676698,236,1,151.85,0.0,0.0
16619.0,Hibernating,0.9962081904705357,264,1,226.21,0.0,0.0
16623.0,Hibernating,0.9956494008026403,246,1,129.45,0.0,0.0
16625.0,Hibernating,0.997163962724974,274,1,333.08,0.0,0.0
16634.0,Lost,0.9874522884575123,223,2,217.9,0.0,0.0
16643.0,Lost,0.996965539489201,246,1,487.51,0.0,0.0
16644.0,About to Sleep,0.9579183820149927,178,2,833.78,0.0,0.0
16647.0,About to Sleep,0.962272597979154,170,2,214.06,0.0,0.0
16654.0,About to Sleep,0.81778643344786,141,4,601.27,0.0,-43.50000000000001
16658.0,Hibernating,0.9956494008026403,368,1,123.24,0.0,0.0
16659.0,Hibernating,0.9918665082173721,189,1,39.12,0.0,0.0
16665.0,Hibernating,0.9956494008026403,362,1,135.39999999999998,0.0,0.0
16679.0,Hibernating,0.9956494008026403,366,1,129.75,0.0,0.0
16692.0,At Risk,0.9884715476743683,256,2,1276.0,0.0,0.0
16697.0,Hibernating,0.9954320343447329,241,1,112.75,0.0,0.0
16698.0,At Risk,0.9876796578589783,227,2,1998.0,0.0,0.0
16714.0,At Risk,0.9936855459623636,219,3,1161.53,0.0,0.0
16716.0,At Risk,0.9969932180609189,267,2,901.2,0.0,0.0
16718.0,Lost,0.9967483349903613,369,1,623.75,0.0,0.0
16721.0,Hibernating,0.9955657484299487,262,1,292.47,0.0,0.0
16725.0,At Risk,0.9877645993328912,302,7,781.02,0.0,-2.4000000000000026
16727.0,Hibernating,0.9973043526250784,364,1,272.82,0.0,0.0
16738.0,Hibernating,0.939946641978745,298,1,3.75,0.0,0.0
16739.0,About to Sleep,0.9742630292583959,177,1,323.0,0.0,0.0
16752.0,Hibernating,0.9971892691918628,373,1,207.5,0.0,0.0
16754.0,Lost,0.9912274525187187,372,1,2002.4,0.0,0.0
16756.0,Hibernating,0.9909710837151731,215,1,239.4,0.0,0.0
16757.0,Hibernating,0.9954320343447329,319,1,106.83,0.0,0.0
16763.0,Lost,0.9876210441746278,199,1,611.85,0.0,0.0
16765.0,Hibernating,0.9914830385835176,294,1,34.0,0.0,0.0
16766.0,At Risk,0.9895164984616286,273,2,1145.6,0.0,0.0
16769.0,Hibernating,0.997163962724974,260,1,380.39,0.0,0.0
16781.0,Hibernating,0.9976071388268631,372,1,311.25,0.0,0.0
16788.0,About to Sleep,0.899107228612495,123,2,597.48,0.0,0.0
16792.0,Lost,0.9957897328345294,282,2,110.38,0.0,0.0
16795.0,Hibernating,0.997251939611157,365,1,414.88,0.0,0.0
16801.0,About to Sleep,0.8442836445486162,163,4,1619.73,0.0,-21.5
16807.0,About to Sleep,0.7948768971627105,143,3,1121.59,0.0,17.999999999999986
16808.0,About to Sleep,0.8449146200177151,99,2,288.42,0.0,0.0
16810.0,Hibernating,0.9932804731398136,192,1,309.54,0.0,0.0
16812.0,Lost,0.9980008275149415,361,1,479.35,0.0,0.0
16823.0,Hibernating,0.9958590010045233,227,1,358.38,0.0,0.0
16829.0,About to Sleep,0.9320383129992702,157,1,197.22,0.0,0.0
16832.0,Lost,0.9962372394667319,184,3,199.15,0.0,4.999999999999996
16834.0,Hibernating,0.9954189577631614,228,1,413.46,0.0,0.0
16838.0,At Risk,0.9957858799428316,197,2,588.85,0.0,0.0
16849.0,Hibernating,0.9932758164259038,187,1,124.57,0.0,0.0
16850.0,Hibernating,0.9980250906579438,334,1,332.41,0.0,0.0
16858.0,Hibernating,0.9979482744173782,369,1,375.69000000000005,0.0,0.0
16859.0,About to Sleep,0.8890560847397079,145,2,747.81,0.0,0.0
16866.0,About to Sleep,0.8243853777405734,141,3,207.74,0.0,2.9999999999999987
16883.0,Lost,0.9858777897914294,187,2,276.73,0.0,0.0
16889.0,At Risk,0.9812653931380348,195,3,1578.67,0.0,-44.00000000000002
16893.0,Hibernating,0.9968541488851744,367,1,145.93,0.0,0.0
16897.0,Lost,0.9983633107267856,299,2,289.78,0.0,0.0
16913.0,Hibernating,0.9954320343447329,290,1,113.44,0.0,0.0
16917.0,Hibernating,0.997144453619856,277,1,391.52,0.0,0.0
16926.0,Hibernating,0.9972900230747463,371,1,230.25,0.0,0.0
16943.0,At Risk,0.9902434025199369,212,3,816.73,0.0,-7.000000000000003
16947.0,Hibernating,0.9954189577631614,236,1,406.48,0.0,0.0
16948.0,About to Sleep,0.7364834629224426,139,3,435.02,0.0,58.99999999999997
16951.0,About to Sleep,0.9136742468859415,135,3,1277.75,0.0,-165.99999999999997
16952.0,About to Sleep,0.8441936074469171,109,2,167.61,0.0,0.0
16955.0,At Risk,0.9582217373168712,185,4,518.67,0.0,73.49999999999997
16957.0,Lost,0.9963548564394803,239,2,416.64,0.0,0.0
16963.0,Hibernating,0.9949500477883327,187,1,110.55,0.0,0.0
16965.0,Hibernating,0.9958145548909164,227,1,201.19,0.0,0.0
16967.0,Hibernating,0.9908464587500324,189,1,319.02,0.0,0.0
16976.0,Hibernating,0.9971947143253546,267,1,251.52,0.0,0.0
16980.0,At Risk,0.9946233026750728,255,2,1078.96,0.0,0.0
16990.0,Hibernating,0.9926460833309597,219,1,179.0,0.0,0.0
16997.0,At Risk,0.9787688797535851,288,3,702.0,0.0,5.0
16998.0,About to Sleep,0.9545609099665598,150,4,295.0,0.0,-44.99999999999999
17026.0,Lost,0.9773887446811357,185,2,154.82999999999998,0.0,0.0
17035.0,Lost,0.9953804276645268,246,2,433.53,0.0,0.0
17040.0,About to Sleep,0.7871445679375361,138,1,449.73,0.0,0.0
17046.0,About to Sleep,0.7413634603467698,157,1,642.02,0.0,0.0
17050.0,About to Sleep,0.9362412461181308,96,6,3228.84,0.0,21.700000000000003
17051.0,Hibernating,0.9901031148836287,194,1,247.14,0.0,0.0
17060.0,Hibernating,0.994837549051311,266,1,234.24,0.0,0.0
17062.0,At Risk,0.9959450113488184,314,4,538.37,0.0,20.499999999999993
17094.0,Hibernating,0.9975141063889466,322,1,302.0,0.0,0.0
17102.0,Hibernating,0.9725472738993545,262,1,25.5,0.0,0.0
17105.0,About to Sleep,0.8603812486537635,159,2,665.78,0.0,0.0
17110.0,About to Sleep,0.9811973069079544,165,1,163.29999999999998,0.0,0.0
17117.0,Hibernating,0.9954320343447329,288,1,116.2,0.0,0.0
17118.0,Hibernating,0.9969360243552466,318,1,157.02,0.0,0.0
17120.0,Hibernating,0.9953942536826432,233,1,307.46,0.0,0.0
17123.0,About to Sleep,0.9551521329085801,162,1,345.29999999999995,0.0,0.0
17124.0,Hibernating,0.9932804731398136,185,1,298.89,0.0,0.0
17126.0,About to Sleep,0.8254668364711943,152,5,1004.75,0.0,83.99999999999997
17128.0,Hibernating,0.9969360243552466,335,1,157.09,0.0,0.0
17138.0,Hibernating,0.997163962724974,276,1,380.5,0.0,0.0
17140.0,Hibernating,0.9970252911828972,247,1,465.32,0.0,0.0
17142.0,Lost,0.994942997953136,239,1,579.0,0.0,0.0
17152.0,At Risk,0.9618018608035148,195,3,1689.5,0.0,0.0
17165.0,Hibernating,0.9969360243552466,284,1,158.68,0.0,0.0
17171.0,Hibernating,0.9963499168582057,289,1,224.91,0.0,0.0
17174.0,Hibernating,0.9914928460701556,218,1,59.9,0.0,0.0
17176.0,Hibernating,0.9949037400150912,202,1,306.13,0.0,0.0
17179.0,About to Sleep,0.9239879443900774,178,3,711.79,0.0,-75.00000000000001
17187.0,Hibernating,0.9956521320390538,227,1,203.95,0.0,0.0
17194.0,Lost,0.9949042846757523,274,2,262.62,0.0,0.0
17204.0,About to Sleep,0.8786341775449176,175,4,1564.56,0.0,43.999999999999986
17212.0,Hibernating,0.9966185585467373,253,1,226.85,0.0,0.0
17217.0,Hibernating,0.9954320343447329,234,1,113.5,0.0,0.0
17223.0,Lost,0.9960223167104458,310,2,426.79,0.0,0.0
17226.0,Hibernating,0.9972512818754941,309,1,393.49,0.0,0.0
17230.0,At Risk,0.9835269629546234,264,8,3638.41,0.0,20.5
17234.0,Hibernating,0.9952610504143299,183,1,149.89,0.0,0.0
17239.0,Hibernating,0.997163962724974,313,1,382.5,0.0,0.0
17245.0,Hibernating,0.9956521320390538,205,1,171.45,0.0,0.0
17251.0,Hibernating,0.9973043526250784,363,1,283.28000000000003,0.0,0.0
17259.0,About to Sleep,0.8226218492727052,148,2,603.37,0.0,0.0
17263.0,Hibernating,0.9914928460701556,208,1,63.440000000000005,0.0,0.0
17265.0,About to Sleep,0.9016110895017463,139,2,562.9,0.0,0.0
17267.0,About to Sleep,0.7464036510426697,127,2,317.62,0.0,0.0
17277.0,At Risk,0.9939974265060167,228,2,1065.35,0.0,0.0
17278.0,Hibernating,0.9961132937708016,241,1,246.04,0.0,0.0
17282.0,About to Sleep,0.9005536323227183,130,3,1703.41,0.0,-83.00000000000001
17291.0,Lost,0.9932944538113295,308,1,550.8000000000001,0.0,0.0
17303.0,Hibernating,0.9960888471909,361,1,250.04,0.0,0.0
17312.0,About to Sleep,0.9254632075096885,139,3,644.3,0.0,12.999999999999996
17325.0,Hibernating,0.9954320343447329,280,1,96.8,0.0,0.0
17331.0,About to Sleep,0.7000325713600382,124,1,175.2,0.0,0.0
17334.0,Lost,0.9955582254830787,302,2,307.02,0.0,0.0
17337.0,About to Sleep,0.963806917620864,151,4,2027.87,0.0,-3.6999362695305905e-15
17341.0,About to Sleep,0.9109123947714874,157,3,781.36,0.0,0.0
17343.0,Hibernating,0.9971892691918628,355,1,193.64,0.0,0.0
17349.0,Hibernating,0.9949500477883327,179,1,110.75,0.0,0.0
17353.0,About to Sleep,0.7624396643963104,129,2,1740.0,0.0,0.0
17356.0,Hibernating,0.9971892691918628,312,1,178.22,0.0,0.0
17358.0,Lost,0.9961641747673541,303,2,365.85,0.0,0.0
17362.0,Lost,0.9962346341594951,239,2,312.23,0.0,0.0
17367.0,Hibernating,0.9957028407182154,238,1,168.4,0.0,0.0
17374.0,At Risk,0.9959635572764498,219,2,495.77,0.0,0.0
17375.0,Lost,0.9719695771531398,199,3,400.1,0.0,63.99999999999998
17391.0,About to Sleep,0.9367912260825683,164,2,508.8,0.0,0.0
17392.0,Lost,0.9975010068594091,307,2,457.91,0.0,0.0
17394.0,Hibernating,0.9961224452272909,219,1,203.87,0.0,0.0
17400.0,About to Sleep,0.7977110545211038,126,5,2129.96,0.0,-0.30000000000001015
17406.0,At Risk,0.9713703431874369,333,3,2200.42,0.0,0.0
17408.0,About to Sleep,0.9790824471004772,163,1,32.65,0.0,0.0
17409.0,At Risk,0.9906594995688409,185,2,771.85,0.0,0.0
17429.0,About to Sleep,0.765402691218432,128,3,524.9200000000001,0.0,23.999999999999986
17431.0,Hibernating,0.997555968847485,313,1,403.3,0.0,0.0
17438.0,Hibernating,0.9969162221142941,254,1,388.4500000000001,0.0,0.0
17440.0,About to Sleep,0.9463099020346947,157,3,186.42,0.0,0.0
17446.0,About to Sleep,0.9492503983339184,177,2,120.9,0.0,0.0
17454.0,At Risk,0.9908985225697199,192,4,517.53,0.0,-9.499999999999995
17455.0,Hibernating,0.9932758164259038,204,1,131.7,0.0,0.0
17456.0,Hibernating,0.9961905646634517,365,1,249.86,0.0,0.0
17464.0,About to Sleep,0.9339886902710784,158,1,289.96000000000004,0.0,0.0
17472.0,At Risk,0.9985096167585065,191,3,710.29,0.0,85.99999999999997
17486.0,Hibernating,0.9972950530120231,261,1,396.87,0.0,0.0
17492.0,Hibernating,0.9967393953105841,248,1,374.57,0.0,0.0
17496.0,Hibernating,0.9972724908374747,359,1,271.05,0.0,0.0
17499.0,Lost,0.994942997953136,290,1,622.88,0.0,0.0
17501.0,Lost,0.9890323183048936,221,2,288.6,0.0,0.0
17504.0,At Risk,0.9833154329543387,206,9,2997.03,0.0,-7.400000000000002
17507.0,At Risk,0.9979099032301177,262,2,605.58,0.0,0.0
17514.0,About to Sleep,0.9404876866894741,128,1,208.65,0.0,0.0
17517.0,Hibernating,0.9969360243552466,309,1,153.94,0.0,0.0
17524.0,Hibernating,0.9966043714999232,361,1,145.0,0.0,0.0
17525.0,Hibernating,0.997933300974881,360,1,422.7000000000001,0.0,0.0
17531.0,Hibernating,0.9904770063319699,190,1,296.7,0.0,0.0
17535.0,Hibernating,0.9961730619883377,280,1,164.4,0.0,0.0
17536.0,About to Sleep,0.9748385826213176,177,1,76.5,0.0,0.0
17542.0,Hibernating,0.9958145548909164,270,1,170.75,0.0,0.0
17548.0,Hibernating,0.9954320343447329,234,1,103.3,0.0,0.0
17550.0,Lost,0.9901959446083847,197,3,267.16,0.0,0.0
17551.0,Hibernating,0.9975431526633326,359,1,306.84,0.0,0.0
17553.0,About to Sleep,0.8425542325138589,130,1,1487.6,0.0,0.0
17556.0,Hibernating,0.9952610504143299,206,1,157.9,0.0,0.0
17569.0,Hibernating,0.9980250906579438,332,1,344.14,0.0,0.0
17574.0,Hibernating,0.9956521320390538,243,1,185.65,0.0,0.0
17578.0,Hibernating,0.9944682334407534,218,1,143.45999999999998,0.0,0.0
17580.0,Lost,0.9987992281346484,253,3,215.72,0.0,13.999999999999993
17582.0,Hibernating,0.9958145548909164,236,1,175.27,0.0,0.0
17597.0,Lost,0.9791877582145221,214,1,2044.37,0.0,0.0
17601.0,Hibernating,0.9954320343447329,239,1,116.01,0.0,0.0
17604.0,Lost,0.9962290845512342,217,2,309.36,0.0,0.0
17615.0,About to Sleep,0.8437760160706363,130,3,329.6,0.0,53.99999999999999
17616.0,About to Sleep,0.9033459705418158,174,3,571.1999999999999,0.0,-31.999999999999993
17619.0,Hibernating,0.9964400256216575,312,1,218.52,0.0,0.0
17630.0,About to Sleep,0.9462718240653287,170,2,503.6,0.0,0.0
17639.0,Hibernating,0.9954320343447329,276,1,108.5,0.0,0.0
17643.0,Hibernating,0.9954320343447329,373,1,101.55,0.0,0.0
17646.0,At Risk,0.9881204437443957,219,3,1008.39,0.0,-22.00000000000001
17649.0,About to Sleep,0.8425030855402295,138,1,868.49,0.0,0.0
17654.0,Hibernating,0.9954320343447329,277,1,117.55,0.0,0.0
17660.0,About to Sleep,0.9399928615451288,141,1,196.0,0.0,0.0
17670.0,Hibernating,0.9956521320390538,228,1,205.7,0.0,0.0
17678.0,Hibernating,0.9954168855246911,264,1,298.11,0.0,0.0
17691.0,Lost,0.9976907140936115,358,2,290.40000000000003,0.0,0.0
17692.0,About to Sleep,0.8478819243188059,127,4,740.9399999999999,0.0,22.49999999999999
17693.0,About to Sleep,0.9399928615451288,137,1,200.47,0.0,0.0
17694.0,About to Sleep,0.9284572623253817,142,1,283.12,0.0,0.0
17695.0,About to Sleep,0.7036199028382222,132,2,765.34,0.0,0.0
17697.0,Hibernating,0.997163962724974,236,1,338.95,0.0,0.0
17698.0,Hibernating,0.9966121904465925,261,1,154.95,0.0,0.0
17701.0,Hibernating,0.996705854168756,253,1,417.95,0.0,0.0
17704.0,About to Sleep,0.8198180800878112,169,2,885.19,0.0,0.0
17707.0,Lost,0.9902273288836763,185,2,152.4,0.0,0.0
17708.0,Lost,0.9937582925559003,188,2,267.08,0.0,0.0
17709.0,About to Sleep,0.975175732412896,170,1,137.45,0.0,0.0
17714.0,Hibernating,0.9969360243552466,321,1,153.0,0.0,0.0
17715.0,Hibernating,0.9894425244430735,201,1,326.4,0.0,0.0
17718.0,Hibernating,0.9960435839147262,232,1,139.35,0.0,0.0
17723.0,About to Sleep,0.855144502774065,127,6,3276.4000000000005,0.0,3.5999999999999996
17732.0,Hibernating,0.9976071388268631,373,1,303.97,0.0,0.0
17746.0,Hibernating,0.9954320343447329,240,1,110.25,0.0,0.0
17749.0,About to Sleep,0.8901892489106423,178,2,674.52,0.0,0.0
17752.0,Hibernating,0.9914830385835176,359,1,80.64,0.0,0.0
17763.0,Hibernating,0.939946641978745,263,1,15.0,0.0,0.0
17765.0,About to Sleep,0.9173388465517625,159,3,371.88,0.0,5.9999999999999964
17770.0,At Risk,0.9858956265711186,199,5,1143.27,0.0,3.5000000000000107
17775.0,Hibernating,0.9914928460701556,255,1,56.4,0.0,0.0
17781.0,About to Sleep,0.9498932344479561,159,2,188.02,0.0,0.0
17787.0,About to Sleep,0.8291694624058855,153,4,1865.19,0.0,51.99999999999997
17789.0,Hibernating,0.9962081904705357,281,1,225.9,0.0,0.0
17795.0,Lost,0.992789489534522,180,2,350.39,0.0,0.0
17843.0,Hibernating,0.9957028407182154,303,1,205.48,0.0,0.0
17849.0,At Risk,0.9737663340987338,218,4,605.8000000000001,0.0,8.5
17850.0,At Risk,0.9648366430038394,372,34,5391.21,0.0,0.0
17854.0,Lost,0.9918310542985785,185,2,311.26,0.0,0.0
17855.0,Hibernating,0.9971892691918628,373,1,208.97,0.0,0.0
17859.0,Hibernating,0.9969360243552466,305,1,148.21,0.0,0.0
17860.0,Hibernating,0.9972678432453062,369,1,252.8,0.0,0.0
17862.0,Hibernating,0.9979482744173782,324,1,330.9,0.0,0.0
17866.0,About to Sleep,0.9551521329085801,143,1,329.65,0.0,0.0
17871.0,Hibernating,0.9952610504143299,205,1,155.9,0.0,0.0
17874.0,At Risk,0.9889789892987302,185,6,683.46,0.0,9.999999999999993
17877.0,About to Sleep,0.9571184782765603,170,1,237.61,0.0,0.0
17879.0,About to Sleep,0.982668613623158,174,1,178.51999999999998,0.0,0.0
17880.0,Hibernating,0.9980008275149415,365,1,458.92,0.0,0.0
17881.0,Hibernating,0.9956494008026403,304,1,133.35000000000002,0.0,0.0
17887.0,About to Sleep,0.9727321554888598,129,1,111.35,0.0,0.0
17889.0,Lost,0.9931542925094353,212,2,203.87,0.0,0.0
17890.0,At Risk,0.9962214826711626,323,2,602.09,0.0,0.0
17891.0,About to Sleep,0.9399928615451288,162,1,203.86,0.0,0.0
17893.0,Hibernating,0.9954320343447329,225,1,112.25,0.0,0.0
17897.0,About to Sleep,0.9045280921407278,173,3,566.6,0.0,188.99999999999997
17899.0,About to Sleep,0.9818898952281332,159,1,155.8,0.0,0.0
17900.0,Lost,0.9953453121659245,190,2,112.2,0.0,0.0
17906.0,Hibernating,0.9914928460701556,247,1,72.9,0.0,0.0
17908.0,Hibernating,0.9960888471909,374,1,243.28,0.0,0.0
17912.0,Lost,0.9958380870952201,310,5,311.01,0.0,22.49999999999999
17923.0,Hibernating,0.9926460833309597,282,1,207.50000000000003,0.0,0.0
17925.0,Hibernating,0.9933048267778833,373,1,244.08,0.0,0.0
17926.0,About to Sleep,0.8313568864561327,133,2,397.29,0.0,0.0
17931.0,About to Sleep,0.9237585556854362,134,2,408.36,0.0,0.0
17935.0,About to Sleep,0.9862106022097452,138,2,145.79,0.0,0.0
17939.0,About to Sleep,0.9632287211248606,160,1,99.14,0.0,0.0
17941.0,About to Sleep,0.9097790524127578,131,1,304.56,0.0,0.0
17946.0,Lost,0.9923567429103076,233,2,149.57999999999998,0.0,0.0
17948.0,About to Sleep,0.7688041857293162,147,1,358.56000000000006,0.0,0.0
17955.0,At Risk,0.9953579229466757,199,4,557.3,0.0,18.999999999999996
17956.0,Hibernating,0.939946641978745,249,1,12.75,0.0,0.0
17960.0,About to Sleep,0.9748385826213176,171,1,73.78,0.0,0.0
17962.0,About to Sleep,0.9310005354219767,142,1,102.83,0.0,0.0
17967.0,Hibernating,0.9878253877494353,372,1,123.07,0.0,0.0
17968.0,Hibernating,0.9977674115000059,374,1,277.35,0.0,0.0
17970.0,Lost,0.9892426382315299,211,1,582.59,0.0,0.0
17972.0,Hibernating,0.9878253877494353,242,1,136.04,0.0,0.0
17976.0,Hibernating,0.9980126448950274,372,1,353.19,0.0,0.0
17978.0,Hibernating,0.9975141063889466,365,1,300.92,0.0,0.0
17980.0,About to Sleep,0.885783604521984,166,3,811.45,0.0,-116.00000000000001
17984.0,About to Sleep,0.9818898952281332,145,1,152.68,0.0,0.0
17987.0,Hibernating,0.9893952059020334,185,1,198.57,0.0,0.0
17990.0,At Risk,0.9951372313822698,237,3,630.84,0.0,108.99999999999997
17991.0,Lost,0.9950062569782425,225,2,93.35,0.0,0.0
17995.0,Hibernating,0.9918665082173721,282,1,76.1,0.0,0.0
18004.0,Hibernating,0.9971141413339075,362,1,169.47,0.0,0.0
18009.0,Hibernating,0.9952933391174947,235,1,257.34,0.0,0.0
18010.0,Hibernating,0.9956521320390538,257,1,174.8,0.0,0.0
18011.0,Hibernating,0.9954320343447329,373,1,102.79,0.0,0.0
18013.0,About to Sleep,0.8737595704734682,155,2,187.29,0.0,0.0
18018.0,About to Sleep,0.7801857562307977,108,2,122.14,0.0,0.0
18024.0,About to Sleep,0.8983657688400365,153,2,389.78,0.0,0.0
18032.0,Hibernating,0.9914928460701556,334,1,73.5,0.0,0.0
18037.0,About to Sleep,0.9588050722020801,154,6,70.02,0.0,0.3999999999999956
18048.0,Lost,0.9940931274234818,203,2,172.29000000000002,0.0,0.0
18050.0,Hibernating,0.9914928460701556,359,1,74.4,0.0,0.0
18056.0,Hibernating,0.997163962724974,288,1,363.65,0.0,0.0
18062.0,About to Sleep,0.8295092603844949,173,3,720.52,0.0,-69.99999999999999
18068.0,Hibernating,0.9935376994419158,289,1,101.7,0.0,0.0
18071.0,Lost,0.9939325602518686,258,2,453.0,0.0,0.0
18072.0,Hibernating,0.9901031148836287,186,1,247.44,0.0,0.0
18074.0,Lost,0.9979230694970803,374,1,489.6,0.0,0.0
18078.0,Lost,0.9940733891705502,217,2,336.13,0.0,0.0
18085.0,At Risk,0.9970118529041082,330,2,689.95,0.0,0.0
18086.0,Hibernating,0.9954320343447329,274,1,101.34,0.0,0.0
18095.0,At Risk,0.9980075464944852,312,2,580.0500000000001,0.0,0.0
18099.0,About to Sleep,0.9399928615451288,127,1,168.31,0.0,0.0
18106.0,Hibernating,0.9980008275149415,330,1,430.7,0.0,0.0
18108.0,Hibernating,0.9973212221452582,254,1,271.0,0.0,0.0
18113.0,Hibernating,0.9914830385835176,369,1,76.32000000000001,0.0,0.0
18114.0,Hibernating,0.9958145548909164,290,1,220.1,0.0,0.0
18119.0,Hibernating,0.9971141413339075,368,1,181.12,0.0,0.0
18120.0,Hibernating,0.9954320343447329,214,1,111.15,0.0,0.0
18121.0,About to Sleep,0.7636457864501138,149,2,673.1,0.0,0.0
18129.0,Hibernating,0.9954320343447329,243,1,112.55,0.0,0.0
18133.0,Lost,0.9877884046940282,212,1,931.5,0.0,0.0
18138.0,Hibernating,0.9969360243552466,295,1,152.65,0.0,0.0
18142.0,About to Sleep,0.8018828581326798,157,2,1019.52,0.0,0.0
18146.0,About to Sleep,0.9473405649468024,141,2,160.35000000000002,0.0,0.0
18151.0,About to Sleep,0.8674959268521104,135,2,653.35,0.0,0.0
18159.0,Lost,0.996965539489201,301,1,530.15,0.0,0.0
18165.0,About to Sleep,0.9339886902710784,177,1,302.46000000000004,0.0,0.0
18176.0,Lost,0.9980008275149415,358,1,476.35,0.0,0.0
18183.0,At Risk,0.9945626241248603,227,2,632.07,0.0,0.0
18185.0,Hibernating,0.9953942536826432,249,1,304.25,0.0,0.0
18190.0,Lost,0.9942206240370762,192,2,284.46000000000004,0.0,0.0
18191.0,Hibernating,0.9956521320390538,262,1,207.8,0.0,0.0
18193.0,About to Sleep,0.9586606310409987,165,1,243.76,0.0,0.0
18202.0,At Risk,0.9802984380484685,200,3,1396.99,0.0,0.0
18203.0,About to Sleep,0.9818898952281332,157,1,160.42000000000002,0.0,0.0
18212.0,Hibernating,0.9960888471909,326,1,248.42,0.0,0.0
18213.0,Hibernating,0.9943701360110416,237,1,232.48,0.0,0.0
18218.0,At Risk,0.9959788957382126,211,2,662.08,0.0,0.0
18220.0,Hibernating,0.9967613012783958,227,1,305.28000000000003,0.0,0.0
18224.0,Hibernating,0.9966121904465925,264,1,158.95000000000002,0.0,0.0
18227.0,Hibernating,0.9954320343447329,218,1,93.75,0.0,0.0
18231.0,At Risk,0.9822234995268871,192,5,2083.27,0.0,4.599999999999998
18233.0,Hibernating,0.994517663346397,326,1,440.0,0.0,0.0
18239.0,At Risk,0.9733700295351684,219,5,1561.61,0.0,1.7999999999999996
18248.0,About to Sleep,0.7644499354902937,123,2,804.02,0.0,0.0
18250.0,Hibernating,0.9971779231768529,310,1,349.27,0.0,0.0
18260.0,About to Sleep,0.8206077159556437,173,6,2643.2000000000003,0.0,-1.2000000000000046
18262.0,About to Sleep,0.9811973069079544,140,1,149.48,0.0,0.0
18268.0,About to Sleep,0.9196354378099845,134,1,25.5,0.0,0.0
18269.0,Hibernating,0.9971892691918628,366,1,168.6,0.0,0.0
18280.0,Hibernating,0.9956521320390538,278,1,180.6,0.0,0.0
18281.0,Hibernating,0.9914928460701556,181,1,80.82,0.0,0.0
