CustomerID,Segment,churn_probability,Recency,Frequency,Monetary,risk_score,recent_activity_ratio_30d
13874.0,Lost,0.9999839,358,1,540.45,1,0.0
17226.0,Hibernating,0.9999796,309,1,393.49,1,0.0
16135.0,Lost,0.99997807,263,1,517.55,1,0.0
18233.0,Hibernating,0.9999739,326,1,440.0,1,0.0
16202.0,Hibernating,0.99997044,361,1,365.27,1,0.0
17486.0,Hibernating,0.99996984,261,1,396.87,1,0.0
16072.0,Lost,0.99996924,288,1,584.3199999999999,1,0.0
17291.0,Lost,0.999969,308,1,550.8000000000001,1,0.0
18159.0,Lost,0.99996877,301,1,530.15,1,0.0
13270.0,Lost,0.99996877,366,1,590.0,1,0.0
18250.0,Hibernating,0.99996734,310,1,349.27,1,0.0
16850.0,Hibernating,0.99996686,334,1,332.41,1,0.0
13385.0,Lost,0.99996626,330,1,534.57,1,0.0
16084.0,Hibernating,0.9999645,299,1,436.18,1,0.0
16947.0,Hibernating,0.9999639,236,1,406.48,1,0.0
15448.0,Lost,0.9999634,313,1,494.64,1,0.0
18056.0,Hibernating,0.99996316,288,1,363.65,1,0.0
17697.0,Hibernating,0.99996316,236,1,338.95,1,0.0
16425.0,Hibernating,0.9999627,302,1,302.7,1,0.0
16795.0,Hibernating,0.9999622,365,1,414.88,1,0.0
17431.0,Hibernating,0.9999621,313,1,403.3,1,0.0
15165.0,Lost,0.99996054,373,1,487.75,1,0.0
17438.0,Hibernating,0.9999604,254,1,388.4500000000001,1,0.0
16718.0,Lost,0.9999598,369,1,623.75,1,0.0
13615.0,Hibernating,0.9999579,319,1,417.69,1,0.0
17138.0,Hibernating,0.99995637,276,1,380.5,1,0.0
16834.0,Hibernating,0.99995625,228,1,413.46,1,0.0
14270.0,Lost,0.9999558,332,1,492.65,1,0.0
14600.0,Hibernating,0.9999552,306,1,393.33,1,0.0
16142.0,Lost,0.99995506,250,1,535.34,1,0.0
18106.0,Hibernating,0.99995494,330,1,430.7,1,0.0
16297.0,Hibernating,0.999954,269,1,301.9,1,0.0
17701.0,Hibernating,0.99995387,253,1,417.95,1,0.0
17499.0,Lost,0.9999529,290,1,622.88,1,0.0
13370.0,Lost,0.99995255,372,1,754.87,1,0.0
17525.0,Hibernating,0.99995244,360,1,422.7000000000001,1,0.0
14850.0,Hibernating,0.9999523,312,1,325.75,1,0.0
13494.0,Hibernating,0.9999523,312,1,316.26000000000005,1,0.0
18185.0,Hibernating,0.99995124,249,1,304.25,1,0.0
17239.0,Hibernating,0.9999511,313,1,382.5,1,0.0
17732.0,Hibernating,0.99994874,373,1,303.97,1,0.0
16781.0,Hibernating,0.99994874,372,1,311.25,1,0.0
16063.0,Hibernating,0.99994755,260,1,335.32,1,0.0
15789.0,Hibernating,0.99994636,358,1,351.3,1,0.0
16625.0,Hibernating,0.9999455,274,1,333.08,1,0.0
18108.0,Hibernating,0.9999453,254,1,271.0,1,0.0
14348.0,Hibernating,0.99994504,260,1,409.57,1,0.0
16319.0,Hibernating,0.9999449,218,1,404.4,1,0.0
16193.0,Hibernating,0.99994457,237,1,314.45,1,0.0
17120.0,Hibernating,0.99994457,233,1,307.46,1,0.0
13166.0,Hibernating,0.99994266,283,1,417.2,1,0.0
16546.0,At Risk,0.9999417,291,2,787.15,1,0.0
12852.0,Hibernating,0.99994123,295,1,311.55,1,0.0
14220.0,Lost,0.9999391,247,2,632.4,1,0.0
18095.0,At Risk,0.99993813,312,2,580.0500000000001,3,0.0
12878.0,Lost,0.999938,236,2,854.99,1,0.0
16858.0,Hibernating,0.999938,369,1,375.69000000000005,1,0.0
13345.0,Hibernating,0.99993753,288,1,389.5,1,0.0
17678.0,Hibernating,0.99993706,264,1,298.11,1,0.0
18074.0,Lost,0.99993706,374,1,489.6,1,0.0
16643.0,Lost,0.9999366,246,1,487.51,1,0.0
14619.0,Hibernating,0.9999361,246,1,394.44,1,0.0
13706.0,Hibernating,0.9999349,303,1,330.79,1,0.0
17862.0,Hibernating,0.9999335,324,1,330.9,1,0.0
14886.0,Hibernating,0.9999329,253,1,364.8,1,0.0
14633.0,Hibernating,0.9999329,266,1,344.90000000000003,1,0.0
15047.0,Hibernating,0.9999329,270,1,343.62,1,0.0
13304.0,Hibernating,0.99993277,351,1,300.42,1,0.0
12873.0,Hibernating,0.9999325,282,1,374.0,1,0.0
15221.0,Hibernating,0.9999324,366,1,403.25,1,0.0
16721.0,Hibernating,0.9999323,262,1,292.47,1,0.0
16823.0,Hibernating,0.99992836,227,1,358.38,1,0.0
16030.0,Hibernating,0.99992764,310,1,331.24,1,0.0
15361.0,Hibernating,0.9999275,362,1,418.92,1,0.0
15090.0,Hibernating,0.9999267,308,1,381.32,1,0.0
14142.0,Hibernating,0.9999263,373,1,311.81,1,0.0
18220.0,Hibernating,0.9999254,227,1,305.28000000000003,1,0.0
16812.0,Lost,0.99992514,361,1,479.35,1,0.0
15363.0,Hibernating,0.99992454,373,1,326.0,1,0.0
13932.0,Hibernating,0.9999244,295,1,307.4,1,0.0
16065.0,Hibernating,0.9999243,365,1,372.09,1,0.0
17715.0,Hibernating,0.9999229,201,1,326.4,1,0.0
14206.0,Hibernating,0.99992263,239,1,328.16,1,0.0
14747.0,Hibernating,0.99992263,249,1,328.2,1,0.0
13239.0,Hibernating,0.99992263,262,1,329.56,1,0.0
16274.0,Hibernating,0.9999211,373,1,357.95,1,0.0
15279.0,Hibernating,0.99992,355,1,290.51,1,0.0
16509.0,Hibernating,0.9999199,297,1,363.7,1,0.0
16159.0,Hibernating,0.9999199,282,1,348.2,1,0.0
17507.0,At Risk,0.99991965,262,2,605.58,1,0.0
12834.0,Hibernating,0.99991906,283,1,312.38,1,0.0
17569.0,Hibernating,0.9999168,332,1,344.14,1,0.0
17094.0,Hibernating,0.9999161,322,1,302.0,1,0.0
13731.0,Lost,0.9999157,219,2,610.59,1,0.0
15308.0,Hibernating,0.9999149,274,1,310.47,1,0.0
17142.0,Lost,0.9999145,239,1,579.0,1,0.0
16769.0,Hibernating,0.9999144,260,1,380.39,1,0.0
17456.0,Hibernating,0.9999143,365,1,249.86,1,0.0
15922.0,Hibernating,0.9999137,373,1,369.5,1,0.0
15210.0,Hibernating,0.99991274,225,1,331.18,1,0.0
16499.0,Lost,0.9999124,360,2,365.45,2,0.0
13452.0,Lost,0.99991214,259,2,590.0,1,0.0
16356.0,Lost,0.9999118,198,3,211.77,1,0.0
17551.0,Hibernating,0.99990976,359,1,306.84,1,0.0
13863.0,Hibernating,0.9999095,248,1,305.78,1,0.0
14350.0,Hibernating,0.99990857,274,1,282.93,1,0.0
13626.0,Hibernating,0.99990857,253,1,257.23,1,0.0
17978.0,Hibernating,0.9999081,365,1,300.92,1,0.0
12872.0,Lost,0.99990773,327,2,599.97,2,0.0
14762.0,Hibernating,0.99990773,264,1,300.52,1,0.0
12988.0,Lost,0.9999075,292,1,535.32,1,0.0
14048.0,Hibernating,0.9999075,305,1,409.93,1,0.0
16096.0,Hibernating,0.9999068,264,1,320.62,1,0.0
16105.0,Hibernating,0.9999068,249,1,336.96,1,0.0
16125.0,Hibernating,0.99990547,367,1,289.35,1,0.0
14036.0,Lost,0.99990547,285,1,626.65,1,0.0
17855.0,Hibernating,0.9999051,373,1,208.97,1,0.0
15236.0,Hibernating,0.9999043,299,1,321.05,1,0.0
13044.0,Lost,0.9999039,291,1,560.47,1,0.0
14311.0,Hibernating,0.9999037,243,1,310.26,1,0.0
17278.0,Hibernating,0.99990344,241,1,246.04,1,0.0
16917.0,Hibernating,0.99990284,277,1,391.52,1,0.0
16216.0,Lost,0.99990225,267,1,914.93,1,0.0
15695.0,Lost,0.99990225,267,2,409.98,1,0.0
13800.0,Lost,0.9999018,310,1,558.32,1,0.0
17492.0,Hibernating,0.9999013,248,1,374.57,1,0.0
17343.0,Hibernating,0.9999007,355,1,193.64,1,0.0
13043.0,Lost,0.9999002,273,1,516.42,1,0.0
16752.0,Hibernating,0.9998995,373,1,207.5,1,0.0
13740.0,Hibernating,0.9998988,241,1,350.75,1,0.0
15424.0,Lost,0.99989796,254,2,383.34,1,0.0
13753.0,Lost,0.9998969,288,1,741.26,1,0.0
15655.0,Lost,0.99989355,243,1,560.67,1,0.0
14130.0,Lost,0.9998921,319,1,483.86,1,0.0
17976.0,Hibernating,0.9998919,372,1,353.19,1,0.0
13108.0,Hibernating,0.99989164,373,1,350.06,1,0.0
15222.0,Lost,0.9998914,319,1,585.0,1,0.0
15303.0,Lost,0.9998907,290,1,574.02,1,0.0
15970.0,Hibernating,0.99988925,304,1,314.1,1,0.0
17356.0,Hibernating,0.99988925,312,1,178.22,1,0.0
16022.0,Lost,0.9998882,260,1,628.28,1,0.0
15204.0,Hibernating,0.9998872,357,1,316.58,1,0.0
16565.0,Hibernating,0.99988663,364,1,173.7,1,0.0
16838.0,At Risk,0.99988663,197,2,588.85,2,0.0
16403.0,Hibernating,0.9998827,312,1,177.5,1,0.0
17392.0,Lost,0.99988234,307,2,457.91,3,0.0
16494.0,Lost,0.9998821,297,1,826.53,1,0.0
13497.0,Hibernating,0.999882,283,2,348.05,1,0.0
15087.0,Hibernating,0.99988186,282,1,306.94,1,0.0
15973.0,Hibernating,0.99988174,367,1,307.82000000000005,1,0.0
17176.0,Hibernating,0.99988174,202,1,306.13,1,0.0
17691.0,Lost,0.9998803,358,2,290.40000000000003,1,0.0
13052.0,Hibernating,0.9998802,212,1,348.15000000000003,1,0.0
13369.0,Hibernating,0.9998791,366,1,308.28000000000003,1,0.0
15442.0,Lost,0.999879,249,1,594.0,1,0.0
14603.0,Lost,0.999879,275,1,660.0,1,0.0
17251.0,Hibernating,0.99987864,363,1,283.28000000000003,1,0.0
15415.0,Lost,0.9998778,313,1,572.8100000000001,1,0.0
13060.0,Hibernating,0.9998758,254,1,307.53,1,0.0
17524.0,Hibernating,0.9998733,361,1,145.0,1,0.0
13893.0,Lost,0.9998729,298,1,821.1,1,0.0
18071.0,Lost,0.9998723,258,2,453.0,1,0.0
16965.0,Hibernating,0.9998723,227,1,201.19,1,0.0
15346.0,Hibernating,0.99987066,333,1,252.42,1,0.0
14248.0,Hibernating,0.9998698,318,1,302.58,1,0.0
14873.0,Lost,0.9998698,210,1,519.68,1,0.0
15109.0,Lost,0.999869,246,1,484.95,1,0.0
16598.0,Hibernating,0.999869,286,1,145.04999999999998,1,0.0
18213.0,Hibernating,0.9998685,237,1,232.48,1,0.0
16448.0,Hibernating,0.9998667,198,1,188.89,1,0.0
15408.0,Hibernating,0.9998666,264,1,267.18,1,0.0
15869.0,Lost,0.99986637,277,2,149.64,1,0.0
14012.0,Hibernating,0.9998658,278,1,328.8,1,0.0
16727.0,Hibernating,0.9998642,364,1,272.82,1,0.0
14813.0,Lost,0.999864,370,2,155.43,1,0.0
17517.0,Hibernating,0.9998635,309,1,153.94,1,0.0
17698.0,Hibernating,0.9998635,261,1,154.95,1,0.0
16351.0,Hibernating,0.9998635,333,1,153.9,1,0.0
16810.0,Hibernating,0.9998635,192,1,309.54,1,0.0
17714.0,Hibernating,0.9998635,321,1,153.0,1,0.0
17128.0,Hibernating,0.9998635,335,1,157.09,1,0.0
17118.0,Hibernating,0.9998635,318,1,157.02,1,0.0
18138.0,Hibernating,0.9998635,295,1,152.65,1,0.0
16256.0,Lost,0.9998627,267,1,752.4300000000001,1,0.0
16227.0,Hibernating,0.99986243,225,1,314.22,1,0.0
13990.0,Hibernating,0.99986017,213,1,311.3,1,0.0
13751.0,Hibernating,0.99986017,288,1,296.25,1,0.0
16510.0,Hibernating,0.99985945,372,1,248.1,1,0.0
13216.0,Hibernating,0.99985886,268,1,333.74,1,0.0
13133.0,Hibernating,0.99985635,274,2,109.8,1,0.0
17890.0,At Risk,0.99985623,323,2,602.09,3,0.0
14620.0,Lost,0.9998555,206,2,412.78,1,0.0
14068.0,Hibernating,0.99985397,320,1,265.85,1,0.0
17394.0,Hibernating,0.99985373,219,1,203.87,1,0.0
17171.0,Hibernating,0.99985325,289,1,224.91,1,0.0
16116.0,Lost,0.9998503,212,1,612.78,1,0.0
15944.0,Hibernating,0.9998486,277,1,325.1,1,0.0
18269.0,Hibernating,0.99984837,366,1,168.6,1,0.0
16282.0,Hibernating,0.99984837,340,1,168.3,1,0.0
16109.0,At Risk,0.9998481,219,2,611.88,1,0.0
17859.0,Hibernating,0.99984777,305,1,148.21,1,0.0
14288.0,Hibernating,0.9998474,213,1,426.6,1,0.0
17670.0,Hibernating,0.9998468,228,1,205.7,1,0.0
18183.0,At Risk,0.99984586,227,2,632.07,1,0.0
16976.0,Hibernating,0.9998456,267,1,251.52,1,0.0
13358.0,Hibernating,0.999845,269,1,439.03,1,0.0
16222.0,Lost,0.9998449,318,1,846.72,1,0.0
14185.0,Hibernating,0.99984455,331,1,197.65,1,0.0
15347.0,Hibernating,0.99984455,366,1,201.6,1,0.0
17843.0,Hibernating,0.99984336,303,1,205.48,1,0.0
16315.0,Hibernating,0.9998431,331,1,226.37,1,0.0
15225.0,Hibernating,0.999843,234,1,409.4,1,0.0
15649.0,At Risk,0.9998425,336,2,816.0,2,0.0
17968.0,Hibernating,0.99984205,374,1,277.35,1,0.0
16926.0,Hibernating,0.9998419,371,1,230.25,1,0.0
16583.0,Hibernating,0.9998419,374,1,233.45,1,0.0
16124.0,Hibernating,0.999841,317,1,249.0,1,0.0
16587.0,Hibernating,0.9998406,232,1,225.15,1,0.0
18010.0,Hibernating,0.99984,257,1,174.8,1,0.0
13341.0,Lost,0.99983966,261,1,775.85,1,0.0
13284.0,Hibernating,0.9998393,331,1,201.19,1,0.0
13065.0,Hibernating,0.9998393,373,1,205.86,1,0.0
13295.0,Hibernating,0.9998393,360,1,201.2,1,0.0
17496.0,Hibernating,0.99983895,359,1,271.05,1,0.0
12982.0,Hibernating,0.99983776,243,1,390.54,1,0.0
18280.0,Hibernating,0.99983764,278,1,180.6,1,0.0
17880.0,Hibernating,0.99983704,365,1,458.92,1,0.0
16323.0,Hibernating,0.9998367,196,1,207.50000000000003,1,0.0
17535.0,Hibernating,0.9998357,280,1,164.4,1,0.0
17165.0,Hibernating,0.9998357,284,1,158.68,1,0.0
18224.0,Hibernating,0.9998357,264,1,158.95000000000002,1,0.0
13512.0,Hibernating,0.99983406,261,1,251.21,1,0.0
13600.0,Hibernating,0.99983263,312,1,219.52,1,0.0
16517.0,Hibernating,0.99983263,277,1,162.7,1,0.0
14870.0,Hibernating,0.99983263,262,1,327.25,1,0.0
14431.0,Lost,0.99983263,303,1,470.36,1,0.0
17212.0,Hibernating,0.99983263,253,1,226.85,1,0.0
13033.0,Hibernating,0.99983203,357,1,190.55,1,0.0
15257.0,Hibernating,0.9998293,283,1,317.15,1,0.0
17925.0,Hibernating,0.99982905,373,1,244.08,1,0.0
16614.0,Lost,0.9998281,183,1,506.19,1,0.0
14697.0,Lost,0.999826,218,2,188.61,1,0.0
14670.0,Lost,0.9998246,280,2,411.53,1,0.0
17187.0,Hibernating,0.99982375,227,1,203.95,1,0.0
16457.0,Hibernating,0.99982375,218,1,208.36,1,0.0
13368.0,Lost,0.9998221,257,2,623.4,1,0.0
17923.0,Hibernating,0.99982184,282,1,207.50000000000003,1,0.0
17542.0,Hibernating,0.9998217,270,1,170.75,1,0.0
16619.0,Hibernating,0.9998196,264,1,226.21,1,0.0
13672.0,Hibernating,0.99981946,301,2,186.39,1,0.0
17893.0,Hibernating,0.9998191,225,1,112.25,1,0.0
16623.0,Hibernating,0.999819,246,1,129.45,1,0.0
16679.0,Hibernating,0.999819,366,1,129.75,1,0.0
13973.0,Hibernating,0.99981815,287,1,264.7,1,0.0
13294.0,Lost,0.99981695,190,2,873.74,2,0.0
15422.0,Lost,0.999816,323,2,97.7,1,0.0
15319.0,Hibernating,0.99981564,284,1,204.5,1,0.0
15820.0,Hibernating,0.9998153,320,1,206.98,1,0.0
13859.0,Hibernating,0.99981505,326,1,201.16,1,0.0
16144.0,Hibernating,0.9998147,247,1,175.2,1,0.0
15433.0,At Risk,0.99981385,214,2,533.3,3,0.0
16387.0,Hibernating,0.99981326,323,1,94.36,1,0.0
17325.0,Hibernating,0.99981326,280,1,96.8,1,0.0
17548.0,Hibernating,0.99981326,234,1,103.3,1,0.0
17746.0,Hibernating,0.99981326,240,1,110.25,1,0.0
18072.0,Hibernating,0.9998128,186,1,247.44,1,0.0
17881.0,Hibernating,0.9998128,304,1,133.35000000000002,1,0.0
16658.0,Hibernating,0.9998128,368,1,123.24,1,0.0
15945.0,Hibernating,0.9998111,365,1,181.0,1,0.0
17718.0,Hibernating,0.9998111,232,1,139.35,1,0.0
14022.0,Hibernating,0.9998099,225,1,440.0,1,0.0
14149.0,Hibernating,0.9998099,221,1,446.62,1,0.0
16270.0,Lost,0.9998097,353,1,1141.24,1,0.0
17970.0,Lost,0.99980897,211,1,582.59,1,0.0
13357.0,Lost,0.99980885,257,1,609.95,1,0.0
18114.0,Hibernating,0.9998084,290,1,220.1,1,0.0
16471.0,Hibernating,0.99980813,275,1,223.95,1,0.0
16967.0,Hibernating,0.99980813,189,1,319.02,1,0.0
18133.0,Lost,0.99980766,212,1,931.5,1,0.0
17362.0,Lost,0.9998073,239,2,312.23,1,0.0
18191.0,Hibernating,0.99980694,262,1,207.8,1,0.0
16913.0,Hibernating,0.9998068,290,1,113.44,1,0.0
16006.0,Hibernating,0.9998068,211,1,101.4,1,0.0
17217.0,Hibernating,0.9998068,234,1,113.5,1,0.0
16757.0,Hibernating,0.9998068,319,1,106.83,1,0.0
16963.0,Hibernating,0.9998068,187,1,110.55,1,0.0
17601.0,Hibernating,0.9998068,239,1,116.01,1,0.0
17643.0,Hibernating,0.9998068,373,1,101.55,1,0.0
17117.0,Hibernating,0.9998068,288,1,116.2,1,0.0
16581.0,Hibernating,0.9998068,183,1,105.84,1,0.0
18086.0,Hibernating,0.9998068,274,1,101.34,1,0.0
18129.0,Hibernating,0.9998068,243,1,112.55,1,0.0
17639.0,Hibernating,0.9998068,276,1,108.5,1,0.0
13803.0,Hibernating,0.99980575,255,1,277.07,1,0.0
16250.0,Lost,0.9998054,261,2,389.44,1,0.0
16665.0,Hibernating,0.9998047,362,1,135.39999999999998,1,0.0
17060.0,Hibernating,0.9998042,266,1,234.24,1,0.0
14682.0,Lost,0.9998031,188,2,52.0,1,0.0
16339.0,Hibernating,0.999803,284,1,109.95,1,0.0
18120.0,Hibernating,0.999803,214,1,111.15,1,0.0
17654.0,Hibernating,0.999803,277,1,117.55,1,0.0
16697.0,Hibernating,0.999803,241,1,112.75,1,0.0
14496.0,At Risk,0.99980253,312,2,538.8100000000001,1,0.0
17789.0,Hibernating,0.9998024,281,1,225.9,1,0.0
15262.0,Hibernating,0.99980193,324,1,178.95000000000002,1,0.0
15670.0,Hibernating,0.99980193,297,1,173.05,1,0.0
13922.0,Hibernating,0.99980193,352,1,172.25,1,0.0
14355.0,Hibernating,0.99980193,366,1,174.4,1,0.0
18212.0,Hibernating,0.99980193,326,1,248.42,1,0.0
15079.0,At Risk,0.99980146,213,4,895.61,2,0.0
14479.0,Lost,0.99980086,254,2,316.25,1,0.0
12881.0,Hibernating,0.9997991,276,1,298.0,1,0.0
17574.0,Hibernating,0.99979824,243,1,185.65,1,0.0
16097.0,Hibernating,0.99979824,240,1,185.05,1,0.0
13707.0,Lost,0.9997956,267,2,806.41,3,0.0
15454.0,Hibernating,0.99979526,362,1,179.1,1,0.0
14727.0,Hibernating,0.9997944,274,1,268.58,1,0.0
12967.0,Lost,0.9997943,358,2,1660.9,3,0.0
14586.0,Hibernating,0.99979407,277,1,237.36,1,0.0
14339.0,Hibernating,0.9997936,243,1,309.52,1,0.0
14242.0,Hibernating,0.9997931,235,2,280.55,1,0.0
16990.0,Hibernating,0.99979216,219,1,179.0,1,0.0
14779.0,Lost,0.99979216,281,3,386.15,4,0.0
14924.0,Hibernating,0.99979156,246,1,310.05,1,0.0
17580.0,Lost,0.99979156,253,3,215.72,4,0.0
14988.0,Hibernating,0.9997913,212,1,334.54,1,0.0
16392.0,Hibernating,0.99979013,270,1,221.19,1,0.0
17374.0,At Risk,0.9997867,219,2,495.77,1,0.0
14782.0,Hibernating,0.999785,320,1,200.1,1,0.0
14476.0,Hibernating,0.999783,257,1,215.7,1,0.0
16617.0,Hibernating,0.9997814,236,1,151.85,1,0.0
15234.0,Hibernating,0.99978083,277,1,197.0,1,0.0
16037.0,At Risk,0.9997801,270,3,855.02,1,0.0
16792.0,Lost,0.99977964,282,2,110.38,1,0.0
15777.0,At Risk,0.99977916,241,4,1047.11,3,0.0
16010.0,Lost,0.9997788,246,3,407.5,1,0.0
13299.0,Hibernating,0.999777,268,1,142.5,1,0.0
18119.0,Hibernating,0.99977595,368,1,181.12,1,0.0
17245.0,Hibernating,0.99977475,205,1,171.45,1,0.0
17619.0,Hibernating,0.9997739,312,1,218.52,1,0.0
17140.0,Hibernating,0.99977297,247,1,465.32,1,0.0
13762.0,Hibernating,0.9997718,219,1,306.72,1,0.0
13484.0,Hibernating,0.9997718,241,1,313.8,1,0.0
17531.0,Hibernating,0.99977154,190,1,296.7,1,0.0
17124.0,Hibernating,0.99977046,185,1,298.89,1,0.0
14238.0,Hibernating,0.9997693,326,1,146.85,1,0.0
13885.0,Lost,0.99976856,189,2,506.8,3,0.0
13570.0,Hibernating,0.9997682,243,1,239.49,1,0.0
15891.0,Lost,0.9997645,227,1,524.52,1,0.0
17946.0,Lost,0.9997638,233,2,149.57999999999998,1,0.0
17707.0,Lost,0.99976164,185,2,152.4,2,0.0
15052.0,Hibernating,0.9997607,319,1,215.78,1,0.0
13837.0,Hibernating,0.9997601,212,2,271.24,1,0.0
14046.0,Hibernating,0.9997596,284,1,154.99,1,0.0
15510.0,Hibernating,0.9997596,331,1,250.0,1,0.0
13898.0,Hibernating,0.9997596,326,1,155.93,1,0.0
14368.0,Hibernating,0.9997596,320,1,155.0,1,0.0
13462.0,Hibernating,0.9997596,253,1,151.5,1,0.0
15447.0,Hibernating,0.9997596,331,1,155.17,1,0.0
14066.0,Hibernating,0.9997596,267,1,152.55,1,0.0
15226.0,Hibernating,0.9997596,311,1,154.41,1,0.0
15147.0,Lost,0.9997595,240,1,623.5,1,0.0
17900.0,Lost,0.9997594,190,2,112.2,1,0.0
15528.0,Hibernating,0.99975866,254,1,229.33,1,0.0
15107.0,Lost,0.99975795,311,6,319.5,1,0.0
16377.0,Lost,0.9997571,267,1,676.2,1,0.0
18176.0,Lost,0.99975675,358,1,476.35,1,0.0
17409.0,At Risk,0.9997552,185,2,771.85,1,0.0
15648.0,At Risk,0.9997545,204,2,657.35,1,0.0
16763.0,Lost,0.99975413,199,1,611.85,1,0.0
15326.0,Hibernating,0.99975306,334,1,311.71,1,0.0
14536.0,Hibernating,0.9997526,260,1,171.8,1,0.0
16073.0,Hibernating,0.99974996,297,1,122.4,1,0.0
16754.0,Lost,0.9997466,372,1,2002.4,1,0.0
17303.0,Hibernating,0.999746,361,1,250.04,1,0.0
15019.0,Hibernating,0.9997458,267,1,266.0,1,0.0
15723.0,Hibernating,0.9997446,365,1,203.1,1,0.0
12829.0,Hibernating,0.9997446,337,2,293.0,1,0.0
16427.0,Lost,0.99974304,263,2,241.06,1,0.0
13008.0,Hibernating,0.9997422,323,1,229.47,1,0.0
18068.0,Hibernating,0.999742,289,1,101.7,1,0.0
15292.0,Hibernating,0.9997414,201,1,180.94,1,0.0
18011.0,Hibernating,0.9997397,373,1,102.79,1,0.0
15230.0,Lost,0.99973947,239,2,429.6,3,0.0
14729.0,Hibernating,0.99973875,374,1,313.49,1,0.0
13786.0,Hibernating,0.9997385,367,1,230.4,1,0.0
14377.0,Lost,0.99973816,191,2,617.05,1,0.0
14059.0,Hibernating,0.99973625,267,1,183.6,1,0.0
14082.0,Hibernating,0.9997342,365,1,182.25,1,0.0
18004.0,Hibernating,0.999734,362,1,169.47,1,0.0
18048.0,Lost,0.9997334,203,2,172.29000000000002,1,0.0
17991.0,Lost,0.999731,225,2,93.35,1,0.0
14304.0,Hibernating,0.99973077,223,1,383.45,1,0.0
18009.0,Hibernating,0.99973005,235,1,257.34,1,0.0
16980.0,At Risk,0.9997296,255,2,1078.96,3,0.0
17501.0,Lost,0.99972945,221,2,288.6,1,0.0
17889.0,Lost,0.9997274,212,2,203.87,1,0.0
17582.0,Hibernating,0.9997271,236,1,175.27,1,0.0
14693.0,Hibernating,0.9997259,264,1,172.9,1,0.0
13382.0,Hibernating,0.9997254,281,1,222.99,1,0.0
13223.0,Hibernating,0.9997223,200,2,163.20000000000002,2,0.0
15880.0,Hibernating,0.9997216,369,1,343.28000000000003,1,0.0
15160.0,Hibernating,0.9997204,357,1,158.16,1,0.0
15517.0,Hibernating,0.99972004,233,1,267.03,1,0.0
16893.0,Hibernating,0.9997199,367,1,145.93,1,0.0
14386.0,Hibernating,0.99971765,297,1,142.4,1,0.0
17860.0,Hibernating,0.99971455,369,1,252.8,1,0.0
14041.0,Hibernating,0.99971217,266,1,141.41,1,0.0
17967.0,Hibernating,0.99971193,372,1,123.07,1,0.0
13584.0,Hibernating,0.9997118,307,1,142.4,1,0.0
14237.0,Hibernating,0.99971086,373,1,161.0,1,0.0
15733.0,Hibernating,0.99971086,283,1,162.3,1,0.0
16275.0,Lost,0.9997085,197,1,559.87,1,0.0
13708.0,Hibernating,0.9997056,271,1,296.88,1,0.0
17578.0,Hibernating,0.9997019,218,1,143.45999999999998,1,0.0
15918.0,Lost,0.999699,191,2,334.23,1,0.0
16716.0,At Risk,0.9996984,267,2,901.2,2,0.0
13723.0,Hibernating,0.9996971,217,1,199.85,1,0.0
17908.0,Hibernating,0.99969697,374,1,243.28,1,0.0
13072.0,Hibernating,0.9996891,267,1,177.15,1,0.0
14888.0,Hibernating,0.99968743,207,1,369.2,1,0.0
15554.0,Hibernating,0.99968576,278,1,217.2,1,0.0
13187.0,Hibernating,0.9996824,337,1,236.02,1,0.0
15609.0,Hibernating,0.9996805,184,1,298.48,1,0.0
13262.0,Hibernating,0.99967504,263,1,200.29,1,0.0
14964.0,Hibernating,0.99967504,247,1,206.21,1,0.0
18218.0,At Risk,0.9996748,211,2,662.08,2,0.0
15223.0,At Risk,0.9996724,226,2,755.75,2,0.0
15703.0,Hibernating,0.99966836,265,1,211.5,1,0.0
16832.0,Lost,0.99966776,184,3,199.15,3,0.0
14549.0,Hibernating,0.9996675,311,1,289.24,1,0.0
17051.0,Hibernating,0.9996618,194,1,247.14,1,0.0
13482.0,Hibernating,0.9996604,232,1,184.64,1,0.0
17912.0,Lost,0.9996592,310,5,311.01,4,0.0
13226.0,Hibernating,0.9996587,273,1,108.21,1,0.0
15049.0,Hibernating,0.99965835,274,1,121.17000000000002,1,0.0
14962.0,Hibernating,0.99965835,271,1,126.7,1,0.0
15709.0,Hibernating,0.99965835,284,1,133.25,1,0.0
13479.0,Hibernating,0.9996561,201,2,300.95,1,0.0
14199.0,Hibernating,0.9996555,218,1,185.4,1,0.0
17367.0,Hibernating,0.99965334,238,1,168.4,1,0.0
12831.0,Hibernating,0.9996489,262,1,215.05,1,0.0
17234.0,Hibernating,0.99964786,183,1,149.89,1,0.0
15212.0,Hibernating,0.9996476,241,1,101.8,1,0.0
15445.0,Hibernating,0.9996476,264,1,113.5,1,0.0
15350.0,Hibernating,0.9996476,373,1,115.65,1,0.0
15266.0,Hibernating,0.9996476,338,1,119.3,1,0.0
13144.0,Hibernating,0.9996476,333,1,110.95,1,0.0
14542.0,Hibernating,0.9996476,186,1,103.25,1,0.0
14155.0,Hibernating,0.9996476,266,1,118.75,1,0.0
14371.0,Hibernating,0.9996476,295,1,100.5,1,0.0
14457.0,Hibernating,0.9996476,311,1,113.64,1,0.0
13948.0,Hibernating,0.9996476,361,1,102.0,1,0.0
15917.0,Hibernating,0.99964666,248,1,123.1,1,0.0
14890.0,Hibernating,0.99964666,254,1,125.65,1,0.0
14438.0,Hibernating,0.99964666,306,1,131.9,1,0.0
13002.0,Hibernating,0.99964666,318,1,120.95,1,0.0
13887.0,Hibernating,0.99964464,204,1,349.55,1,0.0
14570.0,Lost,0.9996438,281,2,218.06,1,0.0
13343.0,Hibernating,0.9996437,178,1,353.43,1,0.0
13121.0,Hibernating,0.9996413,269,1,283.73,1,0.0
15923.0,Hibernating,0.99963987,373,1,127.08,1,0.0
13781.0,Hibernating,0.99963987,251,1,127.84,1,0.0
15543.0,Hibernating,0.9996393,288,1,127.86,1,0.0
12976.0,Lost,0.99963665,212,1,738.6,1,0.0
15607.0,Hibernating,0.99963546,337,1,104.76,1,0.0
14632.0,Hibernating,0.99963546,263,1,114.56,1,0.0
15775.0,Hibernating,0.99963546,245,1,104.9,1,0.0
13161.0,Hibernating,0.99963546,313,1,112.75,1,0.0
14981.0,Hibernating,0.99963546,246,1,102.12,1,0.0
12929.0,Hibernating,0.99963546,312,1,117.85,1,0.0
13101.0,Hibernating,0.99963546,234,1,101.19,1,0.0
13581.0,Hibernating,0.99963546,309,1,118.0,1,0.0
15395.0,Hibernating,0.99963546,326,1,107.45,1,0.0
13508.0,Hibernating,0.99963546,244,1,110.97,1,0.0
14699.0,Hibernating,0.99963546,214,1,109.13,1,0.0
14689.0,Hibernating,0.99963546,209,1,112.8,1,0.0
13807.0,Hibernating,0.99963546,367,1,112.6,1,0.0
14271.0,Hibernating,0.99963546,226,1,112.32,1,0.0
15843.0,Hibernating,0.99963546,304,1,118.95000000000002,1,0.0
14985.0,Lost,0.9996321,198,2,296.75,1,0.0
15174.0,Hibernating,0.9996315,323,1,135.75,1,0.0
14889.0,Hibernating,0.9996315,336,1,135.9,1,0.0
15135.0,Hibernating,0.9996315,239,1,139.05,1,0.0
14483.0,Hibernating,0.9996315,282,1,137.1,1,0.0
12902.0,Hibernating,0.9996315,265,1,138.68,1,0.0
12956.0,Hibernating,0.9996284,306,1,108.07,1,0.0
14247.0,Hibernating,0.9996244,278,1,136.76999999999998,1,0.0
13716.0,Hibernating,0.9996244,269,1,138.28,1,0.0
15100.0,At Risk,0.9996222,334,3,876.0,4,0.0
16756.0,Hibernating,0.9996214,215,1,239.4,1,0.0
17556.0,Hibernating,0.9996195,206,1,157.9,1,0.0
17987.0,Hibernating,0.99961853,185,1,198.57,1,0.0
16230.0,At Risk,0.9996171,190,2,542.03,1,0.0
17604.0,Lost,0.9996152,217,2,309.36,1,0.0
14423.0,Hibernating,0.99961495,218,1,265.2,1,0.0
15316.0,Hibernating,0.99961287,327,1,165.0,1,0.0
14326.0,Hibernating,0.9996092,242,1,183.85,1,0.0
13059.0,Hibernating,0.9996092,250,1,183.4,1,0.0
12897.0,Hibernating,0.9996081,205,2,216.5,2,0.0
17871.0,Hibernating,0.99960655,205,1,155.9,1,0.0
14165.0,Hibernating,0.99960595,276,1,122.54,1,0.0
14413.0,Hibernating,0.99960595,362,1,122.7,1,0.0
15119.0,Hibernating,0.99960464,246,1,266.4,1,0.0
17062.0,At Risk,0.9996045,314,4,538.37,4,0.0
15717.0,Hibernating,0.9996019,234,1,150.3,1,0.0
13712.0,Hibernating,0.99959844,247,1,228.84,1,0.0
17406.0,At Risk,0.9995951,333,3,2200.42,1,0.0
14705.0,Hibernating,0.9995938,199,1,179.0,1,0.0
16897.0,Lost,0.9995908,299,2,289.78,3,0.0
13642.0,Hibernating,0.9995858,216,1,354.8,1,0.0
15691.0,Hibernating,0.9995857,252,1,136.8,1,0.0
13328.0,Lost,0.999577,316,1,1308.48,1,0.0
15724.0,Lost,0.99957496,201,2,218.25,1,0.0
14176.0,At Risk,0.9995745,297,4,576.9000000000001,1,0.0
17854.0,Lost,0.99957174,185,2,311.26,2,0.0
13221.0,Lost,0.9995701,240,2,847.41,1,0.0
15852.0,Lost,0.9995616,187,2,160.71,3,0.0
15386.0,Hibernating,0.9995609,186,1,394.14,1,0.0
14867.0,At Risk,0.99956006,186,3,710.28,1,0.0
15832.0,Lost,0.99955994,254,1,836.79,1,0.0
16766.0,At Risk,0.99955934,273,2,1145.6,1,0.0
15130.0,Hibernating,0.9995541,170,1,330.11,1,0.0
17972.0,Hibernating,0.9995504,242,1,136.04,1,0.0
14497.0,Lost,0.99954695,309,1,475.37,1,0.0
15897.0,Lost,0.99954647,194,2,222.05,1,0.0
13261.0,Lost,0.9995413,269,2,944.1,3,0.0
15921.0,Hibernating,0.9995401,173,1,336.03000000000003,1,0.0
16997.0,At Risk,0.9995389,288,3,702.0,3,0.0
13533.0,Lost,0.9995382,183,3,270.79,1,0.0
16698.0,At Risk,0.99953425,227,2,1998.0,3,0.0
15925.0,Hibernating,0.9995245,194,1,207.15,1,0.0
15167.0,Hibernating,0.99952435,321,1,163.0,1,0.0
12845.0,Lost,0.9995172,267,4,354.09,2,0.0
15143.0,Hibernating,0.99951375,226,1,259.45,1,0.0
16226.0,Lost,0.99951077,203,3,255.12,1,0.0
14816.0,Hibernating,0.99950886,197,1,271.85,1,0.0
15562.0,Hibernating,0.99950683,352,1,134.55,1,0.0
15464.0,Lost,0.99950635,338,1,1048.85,1,0.0
16048.0,Lost,0.99950576,373,2,256.44,1,0.0
16957.0,Lost,0.99949694,239,2,416.64,1,0.0
15070.0,Hibernating,0.9994912,373,1,106.2,1,0.0
13703.0,Hibernating,0.9994912,318,1,99.5,1,0.0
14148.0,Hibernating,0.9994885,234,1,157.2,1,0.0
15314.0,Hibernating,0.99948406,199,1,327.97,1,0.0
13718.0,Hibernating,0.9994831,246,2,306.55,1,0.0
13934.0,Lost,0.9994803,264,1,922.1,1,0.0
12945.0,Hibernating,0.9994758,288,1,462.95,1,0.0
15705.0,Hibernating,0.9994753,201,1,143.1,1,0.0
14740.0,At Risk,0.9994729,197,3,1448.21,1,0.0
13663.0,Hibernating,0.9994708,179,1,189.47,1,0.0
15353.0,At Risk,0.9994677,255,2,777.02,1,0.0
15935.0,Lost,0.9994535,239,2,416.86,2,0.0
12888.0,Hibernating,0.99945325,214,2,354.12,3,0.0
15139.0,Lost,0.9994363,240,2,178.96,3,0.0
12999.0,Lost,0.99943167,196,3,455.88,3,0.0
14000.0,Lost,0.99943095,211,1,635.66,1,0.0
16117.0,Hibernating,0.99942493,190,1,232.21,1,0.0
13819.0,At Risk,0.9994192,302,3,1140.35,1,0.0
17358.0,Lost,0.9994191,303,2,365.85,3,0.0
16378.0,Lost,0.9994104,247,3,362.95,4,0.0
17597.0,Lost,0.999403,214,1,2044.37,1,0.0
15224.0,Lost,0.9994006,358,2,322.08,1,0.0
14411.0,Lost,0.9993987,311,1,1063.0,1,0.0
15661.0,Lost,0.9993956,317,2,309.8,1,0.0
12922.0,Hibernating,0.99938273,161,1,405.38,1,0.0
13551.0,Hibernating,0.99938035,319,1,91.8,1,0.0
15397.0,Hibernating,0.99938035,290,1,94.0,1,0.0
13618.0,Hibernating,0.9993759,174,1,177.34,1,0.0
15016.0,Hibernating,0.9993654,173,1,170.04,1,0.0
13151.0,Lost,0.999358,296,1,1257.87,1,0.0
18190.0,Lost,0.99935776,192,2,284.46000000000004,3,0.0
18050.0,Hibernating,0.99935764,359,1,74.4,1,0.0
16610.0,Hibernating,0.99935764,219,1,75.66,1,0.0
18032.0,Hibernating,0.99935764,334,1,73.5,1,0.0
15333.0,Lost,0.99935216,208,1,1028.56,1,0.0
15057.0,At Risk,0.9993499,275,2,1489.5,3,0.0
17955.0,At Risk,0.9993461,199,4,557.3,4,0.0
17906.0,Hibernating,0.9993356,247,1,72.9,1,0.0
15460.0,Hibernating,0.9993253,354,1,216.76,1,0.0
13229.0,Hibernating,0.9993198,226,1,160.95,1,0.0
13474.0,Hibernating,0.99931383,236,1,229.59,1,0.0
16055.0,Hibernating,0.9993112,221,1,134.8,1,0.0
17455.0,Hibernating,0.9993112,204,1,131.7,1,0.0
14672.0,At Risk,0.99931,235,2,765.55,1,0.0
15503.0,Hibernating,0.9993074,363,1,147.09,1,0.0
16405.0,Lost,0.99930644,302,2,167.25,2,0.0
15246.0,At Risk,0.99930537,238,2,514.15,1,0.0
16586.0,Hibernating,0.9992872,249,1,463.95,1,0.0
14622.0,Hibernating,0.9992855,185,1,320.58000000000004,1,0.0
17995.0,Hibernating,0.9992853,282,1,76.1,1,0.0
15589.0,At Risk,0.9992787,256,3,478.53,1,0.0
17775.0,Hibernating,0.9992674,255,1,56.4,1,0.0
17174.0,Hibernating,0.9992674,218,1,59.9,1,0.0
14154.0,Lost,0.9992637,239,2,1345.62,1,0.0
15063.0,Hibernating,0.9992617,213,1,370.8,1,0.0
16034.0,Lost,0.999255,196,3,437.7,1,0.0
16349.0,Hibernating,0.9992423,291,1,53.5,1,0.0
15213.0,Lost,0.99924195,319,2,328.35,3,0.0
13976.0,Hibernating,0.9992397,207,1,357.98,1,0.0
13936.0,Hibernating,0.99923754,180,1,376.58,1,0.0
14320.0,Lost,0.99923396,207,2,477.79,3,0.0
17263.0,Hibernating,0.9992329,208,1,63.440000000000005,1,0.0
13339.0,Lost,0.99922335,201,1,860.12,1,0.0
13900.0,At Risk,0.9992186,183,3,740.95,1,0.0
18227.0,Hibernating,0.9992174,218,1,93.75,1,0.0
13235.0,Lost,0.9992161,212,1,1031.07,1,0.0
14081.0,Lost,0.99921,302,2,934.52,1,0.0
15456.0,Lost,0.9992078,283,3,447.22,1,0.0
15437.0,Hibernating,0.9992005,262,1,200.16,1,0.0
17990.0,At Risk,0.9991978,237,3,630.84,2,0.0
13711.0,Hibernating,0.9991961,219,2,252.06,1,0.0
13062.0,Hibernating,0.9991943,191,1,346.98,1,0.0
16113.0,Hibernating,0.9991922,183,1,161.38,1,0.0
17035.0,Lost,0.99919087,246,2,433.53,3,0.0
13439.0,Hibernating,0.9991906,255,1,283.71,1,0.0
14009.0,Lost,0.9991897,198,2,695.61,1,0.0
16659.0,Hibernating,0.9991849,189,1,39.12,1,0.0
16162.0,Hibernating,0.9991849,252,1,37.4,1,0.0
18085.0,At Risk,0.999183,330,2,689.95,1,0.0
17472.0,At Risk,0.99917823,191,3,710.29,4,0.0
13227.0,Hibernating,0.9991247,202,1,257.7,1,0.0
13485.0,Hibernating,0.9991222,233,1,454.24,1,0.0
14647.0,Hibernating,0.99912065,201,1,243.22,1,0.0
15381.0,At Risk,0.99911886,214,2,596.85,2,0.0
16078.0,Hibernating,0.9991129,284,1,79.2,1,0.0
16148.0,Hibernating,0.9991129,296,1,76.32000000000001,1,0.0
17752.0,Hibernating,0.9991129,359,1,80.64,1,0.0
18113.0,Hibernating,0.9991129,369,1,76.32000000000001,1,0.0
14105.0,Lost,0.99910176,239,1,1266.23,1,0.0
17223.0,Lost,0.9990996,310,2,426.79,3,0.0
15041.0,Hibernating,0.9990976,170,1,180.35,1,0.0
15405.0,Hibernating,0.99909234,189,1,349.1,1,0.0
15457.0,Hibernating,0.99908924,262,1,237.07,1,0.0
17349.0,Hibernating,0.99908745,179,1,110.75,1,0.0
13737.0,Hibernating,0.9990766,200,1,339.6,1,0.0
16545.0,About to Sleep,0.999067,165,1,339.3,1,0.0
12974.0,Hibernating,0.99905616,198,1,144.8,1,0.0
16883.0,Lost,0.999044,187,2,276.73,1,0.0
13243.0,Lost,0.9990114,203,1,600.07,1,0.0
13395.0,Hibernating,0.9990109,185,1,307.72,1,0.0
13466.0,Hibernating,0.9990109,184,1,307.9,1,0.0
14245.0,Lost,0.9989992,220,2,1693.45,3,0.0
13561.0,Hibernating,0.9989992,216,1,141.86,1,0.0
14465.0,At Risk,0.99898106,247,3,1058.62,1,0.0
14770.0,At Risk,0.9989526,232,2,876.42,1,0.0
15171.0,Lost,0.9989434,331,1,1289.5,1,0.0
15732.0,Lost,0.99892837,212,2,294.12,1,0.0
17277.0,At Risk,0.9989221,228,2,1065.35,3,0.0
13937.0,Hibernating,0.9989195,169,1,158.85,1,0.0
14817.0,At Risk,0.9989135,200,2,1110.34,1,0.0
14532.0,At Risk,0.9989004,236,4,932.85,1,0.0
14616.0,Lost,0.9988926,243,3,406.08,3,0.0
18078.0,Lost,0.99889225,217,2,336.13,3,0.0
14162.0,About to Sleep,0.9988832,174,2,289.36,2,0.0
14195.0,Lost,0.9988721,202,2,1012.0,3,0.0
13506.0,Hibernating,0.9988458,316,2,458.52,3,0.0
13649.0,Hibernating,0.9988431,257,2,346.6,2,0.0
14375.0,Hibernating,0.99884254,185,1,257.68,1,0.0
15092.0,Lost,0.9988424,215,2,457.81,3,0.0
16152.0,Lost,0.99882716,269,1,1829.04,1,0.0
16424.0,Hibernating,0.99880624,191,1,133.56,1,0.0
16483.0,Hibernating,0.9987729,192,1,139.35,1,0.0
16849.0,Hibernating,0.99876547,187,1,124.57,1,0.0
16611.0,Hibernating,0.99876547,186,1,129.49,1,0.0
14340.0,Hibernating,0.99874425,219,1,134.7,1,0.0
14823.0,Lost,0.99874413,180,3,321.43,3,0.0
13963.0,At Risk,0.99872655,308,4,664.54,1,0.0
18239.0,At Risk,0.9987191,219,5,1561.61,2,0.0
13715.0,At Risk,0.99868995,281,5,1079.34,4,0.0
16552.0,Lost,0.99864537,243,2,379.73,1,0.0
12891.0,Lost,0.998632,186,3,331.0,1,0.0
14573.0,At Risk,0.99859315,180,9,1653.42,1,0.0
13745.0,Hibernating,0.99858606,162,1,300.04,1,0.0
14114.0,Hibernating,0.9985838,274,2,386.53,2,0.0
13531.0,Lost,0.99856794,205,2,483.8,3,0.0
16529.0,Hibernating,0.9985643,190,1,455.25,1,0.0
15643.0,At Risk,0.99856395,192,3,664.0,2,0.0
18231.0,At Risk,0.9985625,192,5,2083.27,1,0.0
13826.0,Hibernating,0.9985434,176,1,189.5,1,0.0
16634.0,Lost,0.9985409,223,2,217.9,3,0.0
17879.0,About to Sleep,0.99853706,174,1,178.51999999999998,1,0.0
17334.0,Lost,0.99853635,302,2,307.02,3,0.0
13300.0,Hibernating,0.9985098,169,1,371.89,1,0.0
17849.0,At Risk,0.9984652,218,4,605.8000000000001,1,0.0
12821.0,Hibernating,0.99842143,214,1,92.72,1,0.0
15909.0,Hibernating,0.9984054,174,1,191.94,1,0.0
13476.0,Lost,0.9983779,179,2,1238.47,1,0.0
15069.0,Lost,0.99837613,179,1,1109.53,1,0.0
16402.0,Lost,0.9983689,265,2,299.6,3,0.0
17194.0,Lost,0.9983456,274,2,262.62,3,0.0
14453.0,Hibernating,0.9983381,190,1,119.93,1,0.0
14760.0,Hibernating,0.99830234,297,1,89.2,1,0.0
15083.0,Hibernating,0.99830234,257,1,88.2,1,0.0
13280.0,About to Sleep,0.9982552,122,3,814.86,4,0.0
16431.0,At Risk,0.9982292,213,3,642.81,2,0.0
13659.0,Lost,0.99822503,206,2,1573.2,3,0.0
16567.0,At Risk,0.9982179,194,2,865.6,3,0.0
15104.0,At Risk,0.99813795,197,2,1027.44,1,0.0
17874.0,At Risk,0.9981229,185,6,683.46,3,0.0
17795.0,Lost,0.9980428,180,2,350.39,1,0.0
12868.0,At Risk,0.99801946,186,6,1607.0600000000002,1,0.0
15813.0,At Risk,0.99795544,208,2,1303.91,3,0.0
16217.0,Lost,0.99795353,235,2,304.25,3,0.0
17375.0,Lost,0.9979457,199,3,400.1,4,0.0
13952.0,Lost,0.9978927,218,2,3251.071,3,0.0
14256.0,Lost,0.9978823,260,2,969.06,2,0.0
13955.0,About to Sleep,0.9978447,154,2,322.96,2,0.0
16287.0,About to Sleep,0.99778557,170,1,142.5,1,0.0
13420.0,About to Sleep,0.9977738,150,2,159.85,1,0.0
15808.0,At Risk,0.99775416,306,4,3734.97,4,0.0
17446.0,About to Sleep,0.99771833,177,2,120.9,1,0.0
15894.0,Lost,0.9977011,253,2,263.55,3,0.0
14280.0,Hibernating,0.9976732,197,1,134.04,1,0.0
15042.0,Hibernating,0.9976539,199,1,135.93,1,0.0
14656.0,About to Sleep,0.9974935,169,2,291.05,1,0.0
14327.0,Hibernating,0.99746597,163,1,311.65,1,0.0
13699.0,Hibernating,0.99746597,155,1,308.58000000000004,1,0.0
13398.0,Hibernating,0.99745935,192,1,457.34,1,0.0
16498.0,About to Sleep,0.9974559,161,2,100.97,1,0.0
13568.0,Hibernating,0.9974341,173,1,192.85,1,0.0
14828.0,At Risk,0.9974331,197,3,2139.76,1,0.0
17230.0,At Risk,0.99741995,264,8,3638.41,4,0.0
15180.0,Hibernating,0.9973611,367,1,87.5,1,0.0
13132.0,Hibernating,0.99733835,262,1,77.3,1,0.0
15881.0,At Risk,0.99732995,312,5,501.39,2,0.0
17123.0,About to Sleep,0.9973105,162,1,345.29999999999995,1,0.0
13070.0,Hibernating,0.9972608,192,1,228.8,1,0.0
16461.0,About to Sleep,0.99725795,178,1,151.42,1,0.0
18146.0,About to Sleep,0.9972256,141,2,160.35000000000002,1,0.0
18193.0,About to Sleep,0.9971963,165,1,243.76,1,0.0
16955.0,At Risk,0.99718875,185,4,518.67,4,0.0
12915.0,About to Sleep,0.9971539,149,2,363.65,2,0.0
18203.0,About to Sleep,0.99715,157,1,160.42000000000002,1,0.0
15007.0,Hibernating,0.99713933,159,1,156.91,1,0.0
15280.0,Hibernating,0.997134,172,1,113.12,1,0.0
16520.0,At Risk,0.99713045,186,3,1046.57,1,0.0
17708.0,Lost,0.9971132,188,2,267.08,2,0.0
15219.0,Hibernating,0.9970325,176,1,305.75,1,0.0
15976.0,About to Sleep,0.99700814,165,2,430.94,1,0.0
17948.0,About to Sleep,0.99699044,147,1,358.56000000000006,1,0.0
13833.0,Hibernating,0.9969901,159,1,384.8,1,0.0
13291.0,Hibernating,0.9969891,156,1,361.11,1,0.0
14241.0,Hibernating,0.9969874,184,1,213.7,1,0.0
13080.0,Hibernating,0.9969656,179,1,58.08,1,0.0
13682.0,Hibernating,0.9969656,187,1,59.5,1,0.0
14393.0,Hibernating,0.9969656,218,1,67.95,1,0.0
18202.0,At Risk,0.9969119,200,3,1396.99,1,0.0
16692.0,At Risk,0.9969111,256,2,1276.0,1,0.0
12857.0,Lost,0.99688774,211,2,1106.4,3,0.0
14373.0,Hibernating,0.9968233,358,1,76.55,1,0.0
18262.0,About to Sleep,0.9967667,140,1,149.48,1,0.0
18281.0,Hibernating,0.9967114,181,1,80.82,1,0.0
15537.0,Hibernating,0.9967045,163,1,110.92,1,0.0
15412.0,Hibernating,0.9966478,171,1,190.53,1,0.0
14905.0,About to Sleep,0.9966317,158,2,616.15,1,0.0
13572.0,Lost,0.9965879,206,1,1384.25,1,0.0
15256.0,Hibernating,0.996567,149,1,98.45,1,0.0
14512.0,Lost,0.9965228,188,2,275.28,2,0.0
16163.0,At Risk,0.99651104,232,2,856.6,2,0.0
13667.0,Hibernating,0.9964637,149,1,305.02,1,0.0
17550.0,Lost,0.99645376,197,3,267.16,2,0.0
17630.0,About to Sleep,0.99643445,170,2,503.6,3,0.0
16644.0,About to Sleep,0.996427,178,2,833.78,3,0.0
12864.0,Hibernating,0.99641454,138,1,147.12,1,0.0
16739.0,About to Sleep,0.99641055,177,1,323.0,1,0.0
14840.0,Hibernating,0.9963787,268,1,62.85,1,0.0
14437.0,Hibernating,0.9963787,366,1,63.0,1,0.0
16526.0,About to Sleep,0.9963452,172,1,290.36,1,0.0
17891.0,About to Sleep,0.99633044,162,1,203.86,1,0.0
14957.0,Hibernating,0.99625504,253,1,58.49,1,0.0
17110.0,About to Sleep,0.9962457,165,1,163.29999999999998,1,0.0
15753.0,Hibernating,0.9961946,305,1,79.2,1,0.0
14090.0,Hibernating,0.9961946,325,1,76.32000000000001,1,0.0
14353.0,Hibernating,0.9961731,215,1,90.6,1,0.0
13841.0,Hibernating,0.9961617,253,1,85.0,1,0.0
16889.0,At Risk,0.99609864,195,3,1578.67,1,0.0
15825.0,Others,0.99604464,172,1,532.94,1,0.0
12977.0,Hibernating,0.9960408,156,1,39.24,1,0.0
15552.0,Hibernating,0.99596596,217,1,90.12,1,0.0
15507.0,Others,0.99587965,172,1,492.36,1,0.0
14896.0,At Risk,0.9958722,205,2,468.77,2,0.0
15182.0,About to Sleep,0.9957767,154,2,622.85,2,0.0
16943.0,At Risk,0.9957625,212,3,816.73,2,0.0
13011.0,Hibernating,0.99575007,372,1,50.55,1,0.0
15899.0,Hibernating,0.99575007,369,1,56.25,1,0.0
14481.0,About to Sleep,0.99574065,165,2,636.51,1,0.0
17693.0,About to Sleep,0.99567974,137,1,200.47,1,0.0
13185.0,Hibernating,0.9956624,268,1,71.4,1,0.0
17660.0,About to Sleep,0.99565876,141,1,196.0,1,0.0
13391.0,Hibernating,0.99562496,204,1,59.8,1,0.0
15032.0,At Risk,0.99560577,256,3,4959.1,1,0.0
16306.0,At Risk,0.9955146,214,6,632.27,3,0.0
13747.0,Hibernating,0.9954202,374,1,79.6,1,0.0
14501.0,Lost,0.99537057,184,2,251.21,1,0.0
15895.0,Hibernating,0.9953342,150,1,179.17,1,0.0
17440.0,About to Sleep,0.99529773,157,3,186.42,3,0.0
14351.0,Hibernating,0.9952022,165,1,51.0,1,0.0
12855.0,Hibernating,0.99506986,373,1,38.1,1,0.0
15178.0,Hibernating,0.99506986,260,1,40.5,1,0.0
14589.0,Hibernating,0.99506986,372,1,39.75,1,0.0
14161.0,At Risk,0.9949098,216,3,1110.52,1,0.0
13453.0,About to Sleep,0.9947855,166,2,356.98,1,0.0
12875.0,About to Sleep,0.9946173,143,2,343.2300000000001,2,0.0
16725.0,At Risk,0.994612,302,7,781.02,2,0.0
17781.0,About to Sleep,0.9945862,159,2,188.02,1,0.0
14231.0,At Risk,0.9945807,184,3,925.71,1,0.0
17770.0,At Risk,0.9945681,199,5,1143.27,3,0.0
17899.0,About to Sleep,0.9944739,159,1,155.8,1,0.0
14222.0,Others,0.99444336,177,1,683.17,1,0.0
17984.0,About to Sleep,0.9944319,145,1,152.68,1,0.0
14489.0,Hibernating,0.99438465,207,1,463.38,1,0.0
14645.0,About to Sleep,0.9943593,157,2,597.09,1,0.0
15623.0,Hibernating,0.99435884,141,1,301.03,1,0.0
16714.0,At Risk,0.9943387,219,3,1161.53,3,0.0
15098.0,At Risk,0.99433005,182,3,39916.5,1,0.0
14821.0,Hibernating,0.9942702,367,1,48.8,1,0.0
14002.0,About to Sleep,0.9941571,134,2,529.73,1,0.0
15749.0,At Risk,0.9941064,235,3,44534.3,1,0.0
14450.0,At Risk,0.99408287,181,3,483.25,1,0.0
17391.0,About to Sleep,0.99401456,164,2,508.8,1,0.0
12833.0,Hibernating,0.99399215,145,1,417.38,1,0.0
17337.0,About to Sleep,0.99395895,151,4,2027.87,3,0.0
17152.0,At Risk,0.99395436,195,3,1689.5,1,0.0
17646.0,At Risk,0.9939302,219,3,1008.39,1,0.0
15508.0,At Risk,0.99384487,189,6,1000.27,2,0.0
17026.0,Lost,0.9936009,185,2,154.82999999999998,2,0.0
13005.0,About to Sleep,0.99336386,174,2,513.7,3,0.0
14100.0,Hibernating,0.993346,138,1,194.9,1,0.0
13678.0,Hibernating,0.99332446,152,1,232.6,1,0.0
15746.0,Hibernating,0.9931952,134,1,196.88,1,0.0
15780.0,At Risk,0.99309146,184,3,475.28,1,0.0
14576.0,Hibernating,0.99289775,372,1,35.400000000000006,1,0.0
15940.0,Hibernating,0.99289775,311,1,35.8,1,0.0
13475.0,At Risk,0.9926964,191,4,1431.78,3,0.0
18165.0,About to Sleep,0.9926865,177,1,302.46000000000004,1,0.0
12837.0,Hibernating,0.9926402,173,1,134.1,1,0.0
15578.0,Hibernating,0.9926402,162,1,127.1,1,0.0
16998.0,About to Sleep,0.9926394,150,4,295.0,1,0.0
14795.0,Hibernating,0.99262094,166,1,131.45000000000002,1,0.0
14803.0,About to Sleep,0.99260885,162,3,845.55,3,0.0
13583.0,Others,0.99249977,156,1,781.03,1,0.0
15759.0,Lost,0.99233043,218,3,253.04,4,0.0
16765.0,Hibernating,0.992261,294,1,34.0,1,0.0
14998.0,About to Sleep,0.99225664,170,2,429.87,1,0.0
14918.0,About to Sleep,0.9922355,116,2,1610.15,1,0.0
12908.0,About to Sleep,0.99216557,176,2,750.0,1,0.0
14400.0,Others,0.9921159,149,1,574.7,1,0.0
16244.0,At Risk,0.9919503,212,2,1522.75,3,0.0
13684.0,Hibernating,0.9918703,286,1,67.23,1,0.0
17464.0,About to Sleep,0.9917984,158,1,289.96000000000004,1,0.0
15258.0,About to Sleep,0.9916569,169,2,623.16,1,0.0
15076.0,Others,0.99160004,173,1,880.85,1,0.0
17504.0,At Risk,0.9914824,206,9,2997.03,2,0.0
15349.0,About to Sleep,0.9913647,158,2,473.81,3,0.0
15658.0,At Risk,0.9912163,190,5,1024.1,1,0.0
16449.0,At Risk,0.9911561,198,2,707.69,2,0.0
17866.0,About to Sleep,0.99096394,143,1,329.65,1,0.0
15535.0,About to Sleep,0.9909185,173,4,536.4,1,0.0
12346.0,Lost,0.99056584,326,1,77183.6,1,0.0
17400.0,About to Sleep,0.99048436,126,5,2129.96,1,0.0
15795.0,Others,0.9904771,150,1,610.01,1,0.0
15389.0,Others,0.9904302,172,1,500.0,1,0.0
14331.0,About to Sleep,0.9903448,124,2,462.66,3,0.0
17204.0,About to Sleep,0.9903176,175,4,1564.56,4,0.0
14259.0,Hibernating,0.9903116,142,1,120.0,1,0.0
14143.0,Hibernating,0.9899829,134,1,115.8,1,0.0
18037.0,About to Sleep,0.98981434,154,6,70.02,1,0.0
14722.0,Hibernating,0.9897697,147,1,187.92,1,0.0
17709.0,About to Sleep,0.9896735,170,1,137.45,1,0.0
16114.0,About to Sleep,0.9896735,171,1,135.75000000000003,1,0.0
16050.0,About to Sleep,0.9896735,174,1,137.9,1,0.0
15149.0,Others,0.9896667,134,1,520.8000000000001,1,0.0
14584.0,About to Sleep,0.9896361,169,4,1042.26,1,0.0
15729.0,Hibernating,0.98962325,213,1,85.0,1,0.0
15483.0,About to Sleep,0.9895902,161,4,233.81,2,0.0
16305.0,About to Sleep,0.9895588,139,1,361.22,1,0.0
17877.0,About to Sleep,0.98955345,170,1,237.61,1,0.0
12916.0,About to Sleep,0.98951626,139,4,3006.15,1,0.0
13135.0,Lost,0.98949546,197,1,3096.0,1,0.0
14972.0,Hibernating,0.989488,128,1,114.77,1,0.0
14847.0,Hibernating,0.9894456,149,1,309.4,1,0.0
13686.0,Hibernating,0.9892713,183,1,72.0,1,0.0
16338.0,About to Sleep,0.9891873,157,1,214.8,1,0.0
16829.0,About to Sleep,0.9891873,157,1,197.22,1,0.0
15713.0,About to Sleep,0.98912394,143,2,356.7,1,0.0
14053.0,About to Sleep,0.9891186,124,2,260.25,3,0.0
16450.0,About to Sleep,0.989094,150,1,311.92,1,0.0
17704.0,About to Sleep,0.98877954,169,2,885.19,1,0.0
15942.0,Hibernating,0.9886214,134,1,337.44,1,0.0
14920.0,At Risk,0.98850274,213,2,977.77,1,0.0
13338.0,Others,0.98837143,158,1,487.02,1,0.0
13951.0,About to Sleep,0.98827654,176,3,674.45,3,0.0
16146.0,About to Sleep,0.98825127,157,3,734.13,4,0.0
14758.0,About to Sleep,0.988186,145,4,1484.06,4,0.0
17179.0,About to Sleep,0.9881656,178,3,711.79,1,0.0
15704.0,About to Sleep,0.9881285,140,4,2293.62,4,0.0
14352.0,About to Sleep,0.98804504,157,4,1078.96,4,0.0
14891.0,About to Sleep,0.98801476,148,2,554.38,3,0.0
16054.0,About to Sleep,0.98798543,145,1,783.9,1,0.0
17102.0,Hibernating,0.9879224,262,1,25.5,1,0.0
17763.0,Hibernating,0.9879224,263,1,15.0,1,0.0
17956.0,Hibernating,0.9879224,249,1,12.75,1,0.0
16738.0,Hibernating,0.9879224,298,1,3.75,1,0.0
17935.0,About to Sleep,0.98791146,138,2,145.79,3,0.0
18062.0,About to Sleep,0.9877801,173,3,720.52,1,0.0
17505.0,About to Sleep,0.987676,161,2,1145.84,1,0.0
16292.0,About to Sleep,0.9875616,122,1,302.25,1,0.0
16805.0,About to Sleep,0.9875331,174,2,460.59,1,0.0
16214.0,About to Sleep,0.98717934,171,3,1062.75,4,0.0
17887.0,About to Sleep,0.98711514,129,1,111.35,1,0.0
16174.0,About to Sleep,0.9870926,126,3,1009.55,2,0.0
17939.0,About to Sleep,0.98692644,160,1,99.14,1,0.0
17765.0,About to Sleep,0.9867265,159,3,371.88,3,0.0
16178.0,About to Sleep,0.9866694,138,1,197.9,1,0.0
14024.0,About to Sleep,0.98660105,122,2,327.7,3,0.0
17282.0,About to Sleep,0.9864239,130,3,1703.41,2,0.0
14669.0,At Risk,0.9863751,242,3,1269.99,3,0.0
18260.0,About to Sleep,0.9861994,173,6,2643.2000000000003,1,0.0
14548.0,About to Sleep,0.9860686,151,2,652.8,1,0.0
16344.0,About to Sleep,0.9859489,158,1,101.1,1,0.0
17850.0,At Risk,0.98522884,372,34,5391.21,1,0.0
16091.0,About to Sleep,0.98518145,155,2,315.06,1,0.0
17980.0,About to Sleep,0.98517597,166,3,811.45,1,0.0
15668.0,Hibernating,0.9850874,218,1,76.32000000000001,1,0.0
17353.0,About to Sleep,0.9850773,129,2,1740.0,1,0.0
15379.0,About to Sleep,0.9850205,169,7,3703.29,3,0.0
18099.0,About to Sleep,0.9845845,127,1,168.31,1,0.0
15574.0,About to Sleep,0.9845793,178,4,702.25,4,0.0
17050.0,About to Sleep,0.98457646,96,6,3228.84,4,0.0
15920.0,About to Sleep,0.98453355,154,4,167.5,1,0.0
16447.0,About to Sleep,0.9845046,136,1,259.01,1,0.0
13085.0,About to Sleep,0.9842344,158,2,416.08,3,0.0
17085.0,About to Sleep,0.9842135,123,5,1566.65,4,0.0
15585.0,Hibernating,0.9835329,177,1,455.3,1,0.0
16247.0,About to Sleep,0.98346645,170,1,114.56,1,0.0
15384.0,About to Sleep,0.9834357,170,2,642.41,1,0.0
17960.0,About to Sleep,0.98309857,171,1,73.78,1,0.0
14338.0,About to Sleep,0.9830443,161,2,588.22,3,0.0
13302.0,Hibernating,0.9830282,155,1,63.75,1,0.0
17514.0,About to Sleep,0.98298115,128,1,208.65,1,0.0
13564.0,About to Sleep,0.98232424,144,3,1749.02,4,0.0
16835.0,About to Sleep,0.9819509,128,2,180.85,1,0.0
16484.0,About to Sleep,0.98191535,174,2,404.3,3,0.0
13194.0,Hibernating,0.9817723,136,1,60.7,1,0.0
13218.0,Hibernating,0.9817723,127,1,62.63999999999999,1,0.0
17331.0,About to Sleep,0.9817114,124,1,175.2,1,0.0
17749.0,About to Sleep,0.981478,178,2,674.52,2,0.0
15004.0,Others,0.9814377,147,1,1246.32,1,0.0
13967.0,Hibernating,0.98141676,146,1,80.7,1,0.0
13675.0,About to Sleep,0.9813897,151,2,486.8200000000001,3,0.0
13037.0,About to Sleep,0.98131907,138,3,881.07,4,0.0
18142.0,About to Sleep,0.9812277,157,2,1019.52,2,0.0
17265.0,About to Sleep,0.9811973,139,2,562.9,3,0.0
14625.0,At Risk,0.9810743,196,2,899.63,3,0.0
17941.0,About to Sleep,0.98033386,131,1,304.56,1,0.0
14958.0,About to Sleep,0.9802843,147,3,499.68,1,0.0
12942.0,About to Sleep,0.98022366,131,3,683.9,1,0.0
16801.0,About to Sleep,0.98003674,163,4,1619.73,2,0.0
15334.0,About to Sleep,0.97990143,157,3,351.67,1,0.0
16324.0,About to Sleep,0.97935313,128,3,428.68,1,0.0
15045.0,About to Sleep,0.97929627,152,2,735.66,1,0.0
18248.0,About to Sleep,0.9787298,123,2,804.02,3,0.0
13116.0,Others,0.9785187,138,1,501.14,1,0.0
15644.0,About to Sleep,0.97843677,166,4,813.0,2,0.0
17723.0,About to Sleep,0.9782946,127,6,3276.4000000000005,2,0.0
14552.0,Hibernating,0.9782259,152,1,165.07,1,0.0
16257.0,About to Sleep,0.9782064,177,1,46.95,1,0.0
18013.0,About to Sleep,0.978116,155,2,187.29,1,0.0
18151.0,About to Sleep,0.978109,135,2,653.35,1,0.0
17694.0,About to Sleep,0.97806644,142,1,283.12,1,0.0
15700.0,About to Sleep,0.9780407,172,2,696.68,3,0.0
17926.0,About to Sleep,0.97778976,133,2,397.29,1,0.0
15254.0,Hibernating,0.9777213,127,1,300.36,1,0.0
15639.0,Hibernating,0.9776454,134,1,425.32,1,0.0
14885.0,Others,0.97759366,132,1,765.3199999999999,1,0.0
16276.0,About to Sleep,0.97706056,177,1,810.6000000000001,1,0.0
13106.0,Hibernating,0.97703654,133,1,76.5,1,0.0
13856.0,About to Sleep,0.9769518,169,3,388.5,1,0.0
14021.0,About to Sleep,0.97682935,155,3,631.9,4,0.0
17454.0,At Risk,0.9765089,192,4,517.53,2,0.0
13248.0,About to Sleep,0.97630835,125,2,465.68,3,0.0
14267.0,About to Sleep,0.97628444,163,3,1516.24,1,0.0
16572.0,About to Sleep,0.97620755,127,3,1009.6,1,0.0
12853.0,About to Sleep,0.97610223,135,6,1957.1,2,0.0
17536.0,About to Sleep,0.9760177,177,1,76.5,1,0.0
17897.0,About to Sleep,0.97590774,173,3,566.6,4,0.0
17105.0,About to Sleep,0.97583735,159,2,665.78,1,0.0
17341.0,About to Sleep,0.97576594,157,3,781.36,3,0.0
14076.0,Hibernating,0.97569615,129,1,122.47,1,0.0
15855.0,About to Sleep,0.9755923,137,5,712.24,1,0.0
16951.0,About to Sleep,0.97547716,135,3,1277.75,3,0.0
13355.0,Others,0.9753881,122,1,674.7,1,0.0
14037.0,About to Sleep,0.97536397,176,2,147.20000000000002,3,0.0
13217.0,About to Sleep,0.97496337,122,3,533.98,1,0.0
15374.0,Hibernating,0.9749405,129,1,168.0,1,0.0
13093.0,At Risk,0.9738115,276,8,7832.47,3,0.0
18064.0,About to Sleep,0.9736694,133,2,814.0,1,0.0
16948.0,About to Sleep,0.9734665,139,3,435.02,2,0.0
13253.0,About to Sleep,0.97286385,157,2,1030.4,1,0.0
14104.0,About to Sleep,0.9727913,154,2,216.21,2,0.0
14407.0,About to Sleep,0.9727068,107,6,2157.73,1,0.0
17046.0,About to Sleep,0.9722553,157,1,642.02,1,0.0
16807.0,About to Sleep,0.9718444,143,3,1121.59,2,0.0
15313.0,Hibernating,0.9714325,110,1,52.0,1,0.0
17692.0,About to Sleep,0.9713795,127,4,740.9399999999999,4,0.0
15491.0,About to Sleep,0.97114044,95,6,3100.09,3,0.0
15235.0,At Risk,0.97092247,218,12,2247.51,2,0.0
13414.0,About to Sleep,0.97078437,134,3,1390.5,1,0.0
16788.0,About to Sleep,0.9706616,123,2,597.48,1,0.0
15342.0,Hibernating,0.97065574,130,1,406.09,1,0.0
15265.0,About to Sleep,0.97051114,151,2,1506.12,1,0.0
17312.0,About to Sleep,0.97025925,139,3,644.3,4,0.0
16473.0,About to Sleep,0.97013557,165,3,316.11,4,0.0
14692.0,About to Sleep,0.9699981,137,4,591.55,4,0.0
15133.0,About to Sleep,0.9697567,128,3,982.42,3,0.0
16859.0,About to Sleep,0.969583,145,2,747.81,1,0.0
17962.0,About to Sleep,0.968327,142,1,102.83,1,0.0
17616.0,About to Sleep,0.9681862,174,3,571.1999999999999,1,0.0
18178.0,About to Sleep,0.96806395,129,4,1590.81,2,0.0
15261.0,Hibernating,0.9678724,135,1,254.82,1,0.0
14461.0,About to Sleep,0.9674106,148,3,2103.06,1,0.0
13722.0,About to Sleep,0.96620244,132,3,2375.41,2,0.0
16398.0,About to Sleep,0.96516657,154,2,1705.8,3,0.0
15120.0,Hibernating,0.9647471,134,1,358.82,1,0.0
14459.0,Others,0.96472764,155,1,1837.92,1,0.0
16553.0,About to Sleep,0.96468395,163,12,5719.82,1,0.0
13082.0,About to Sleep,0.96420693,126,9,3613.63,2,0.0
17126.0,About to Sleep,0.9633632,152,5,1004.75,2,0.0
13402.0,About to Sleep,0.96332145,127,2,621.23,1,0.0
16654.0,About to Sleep,0.96266246,141,4,601.27,1,0.0
13730.0,About to Sleep,0.96235967,136,2,752.6,1,0.0
17457.0,About to Sleep,0.961558,127,5,1737.7,3,0.0
15245.0,About to Sleep,0.96139604,134,3,2515.84,1,0.0
17787.0,About to Sleep,0.9610773,153,4,1865.19,4,0.0
13802.0,About to Sleep,0.960563,139,3,4599.42,4,0.0
13140.0,About to Sleep,0.9602168,108,3,423.72,1,0.0
17931.0,About to Sleep,0.96009564,134,2,408.36,3,0.0
17259.0,About to Sleep,0.9596621,148,2,603.37,3,0.0
16647.0,About to Sleep,0.95949286,170,2,214.06,3,0.0
16147.0,About to Sleep,0.95924807,134,1,375.0,1,0.0
13869.0,About to Sleep,0.9586746,123,4,3104.95,2,0.0
13791.0,About to Sleep,0.95826864,128,2,1516.0,3,0.0
16031.0,About to Sleep,0.95589495,92,2,548.94,1,0.0
15882.0,At Risk,0.95588696,199,4,516.36,3,0.0
15577.0,About to Sleep,0.95485497,151,3,258.88,1,0.0
15402.0,About to Sleep,0.9541748,149,2,626.77,3,0.0
13631.0,About to Sleep,0.95414174,100,11,3070.42,1,0.0
14117.0,Hibernating,0.9539382,144,1,90.0,1,0.0
17969.0,About to Sleep,0.9537963,166,2,228.2,1,0.0
17649.0,About to Sleep,0.9510666,138,1,868.49,1,0.0
13075.0,Others,0.9505046,130,1,919.61,1,0.0
17267.0,About to Sleep,0.9501005,127,2,317.62,1,0.0
13754.0,About to Sleep,0.9496968,152,2,282.6,2,0.0
13850.0,Others,0.9490557,129,1,1595.48,1,0.0
12947.0,About to Sleep,0.9473759,144,6,1603.99,1,0.0
15889.0,About to Sleep,0.9469411,157,2,446.87,3,0.0
13593.0,About to Sleep,0.94638276,108,5,2037.08,1,0.0
15372.0,Others,0.9448681,137,1,2007.4,1,0.0
16919.0,About to Sleep,0.94346124,156,11,2596.45,1,0.0
14323.0,About to Sleep,0.9434279,115,2,605.0600000000001,1,0.0
12980.0,About to Sleep,0.9429809,158,9,7374.900000000001,1,0.0
15734.0,About to Sleep,0.9404755,115,2,1339.45,1,0.0
18143.0,About to Sleep,0.9400671,117,2,1000.16,1,0.0
13513.0,Hibernating,0.93730855,127,1,205.1,1,0.0
18024.0,About to Sleep,0.93639797,153,2,389.78,1,0.0
14403.0,About to Sleep,0.9354119,130,4,1475.81,3,0.0
15438.0,Hibernating,0.9258187,131,1,156.57999999999998,1,0.0
14346.0,About to Sleep,0.9255961,121,2,1021.58,1,0.0
17553.0,About to Sleep,0.9254338,130,1,1487.6,1,0.0
15985.0,About to Sleep,0.9247027,123,2,1142.42,3,0.0
17695.0,About to Sleep,0.92290545,132,2,765.34,1,0.0
13296.0,Hibernating,0.9219667,137,1,87.4,1,0.0
15823.0,Hibernating,0.92050207,372,1,15.0,1,0.0
13307.0,Hibernating,0.92050207,120,1,15.0,1,0.0
13120.0,Hibernating,0.92050207,239,1,30.6,1,0.0
14264.0,About to Sleep,0.91476786,155,2,333.97,1,0.0
13929.0,About to Sleep,0.91322887,169,2,842.65,1,0.0
15074.0,Others,0.9118007,105,1,748.87,1,0.0
17040.0,About to Sleep,0.9097979,138,1,449.73,1,0.0
15802.0,Hibernating,0.9088163,143,1,451.42,1,0.0
14133.0,About to Sleep,0.9058035,130,3,605.64,1,0.0
17429.0,About to Sleep,0.9054355,128,3,524.9200000000001,4,0.0
12917.0,Others,0.9041078,128,1,594.0,1,0.0
14491.0,About to Sleep,0.8992083,175,2,340.93,1,0.0
16272.0,About to Sleep,0.88252014,117,1,411.7,1,0.0
15646.0,About to Sleep,0.88142574,158,3,447.64,1,0.0
18018.0,About to Sleep,0.87627006,108,2,122.14,1,0.0
14079.0,Hibernating,0.8748066,125,1,375.1,1,0.0
16092.0,About to Sleep,0.87090486,115,3,817.86,4,0.0
16952.0,About to Sleep,0.86730754,109,2,167.61,1,0.0
15198.0,About to Sleep,0.86305934,92,2,193.64,1,0.0
14778.0,About to Sleep,0.8609821,127,2,730.86,1,0.0
16112.0,About to Sleep,0.8591132,143,4,195.74,3,0.0
12840.0,About to Sleep,0.85751826,144,4,2726.77,3,0.0
15247.0,Hibernating,0.85428154,122,1,356.0,1,0.0
17408.0,About to Sleep,0.8535271,163,1,32.65,1,0.0
14127.0,About to Sleep,0.8535128,123,3,709.71,4,0.0
15665.0,About to Sleep,0.850404,168,2,2242.01,3,0.0
15581.0,About to Sleep,0.8434151,121,13,3679.97,1,0.0
13130.0,Hibernating,0.8257539,94,1,64.0,1,0.0
13888.0,About to Sleep,0.82540643,120,2,605.63,1,0.0
14628.0,About to Sleep,0.82474494,91,2,671.96,1,0.0
17309.0,About to Sleep,0.80311173,95,1,82.75,1,0.0
13931.0,About to Sleep,0.7969745,96,2,1237.53,1,0.0
15812.0,About to Sleep,0.7704413,107,5,1801.14,1,0.0
13821.0,About to Sleep,0.76411647,145,2,385.64,3,0.0
14436.0,Hibernating,0.76368314,99,1,89.06,1,0.0
13925.0,About to Sleep,0.75693554,93,4,678.25,4,0.0
17846.0,About to Sleep,0.7550343,85,1,2033.1,1,0.0
17053.0,About to Sleep,0.7424074,131,1,498.48,1,0.0
15512.0,About to Sleep,0.7246871,156,2,121.0,3,0.0
18168.0,About to Sleep,0.712783,176,6,1169.94,1,0.0
